school_id,item_name,item_quantity,date
1,item1,2,01/04/23
1,item1,2,02/04/23
1,item1,1,03/04/23
1,item1,2,04/04/23
1,item1,1,05/04/23
1,item1,1,06/04/23
1,item1,1,07/04/23
1,item1,2,08/04/23
1,item1,2,09/04/23
1,item1,2,10/04/23
1,item1,1,11/04/23
1,item1,1,12/04/23
1,item1,1,13/04/23
1,item1,2,14/04/23
1,item1,1,15/04/23
1,item1,1,16/04/23
1,item1,2,17/04/23
1,item1,1,18/04/23
1,item1,2,19/04/23
1,item1,2,20/04/23
1,item1,2,21/04/23
1,item1,2,22/04/23
1,item1,2,23/04/23
1,item1,1,24/04/23
1,item1,2,25/04/23
1,item1,2,26/04/23
1,item1,2,27/04/23
1,item1,2,28/04/23
1,item1,2,29/04/23
1,item1,1,30/04/23
2,item1,2,01/04/23
2,item1,2,02/04/23
2,item1,2,03/04/23
2,item1,2,04/04/23
2,item1,2,05/04/23
2,item1,2,06/04/23
2,item1,2,07/04/23
2,item1,1,08/04/23
2,item1,2,09/04/23
2,item1,2,10/04/23
2,item1,2,11/04/23
2,item1,2,12/04/23
2,item1,2,13/04/23
2,item1,2,14/04/23
2,item1,1,15/04/23
2,item1,2,16/04/23
2,item1,1,17/04/23
2,item1,2,18/04/23
2,item1,2,19/04/23
2,item1,1,20/04/23
2,item1,1,21/04/23
2,item1,1,22/04/23
2,item1,2,23/04/23
2,item1,2,24/04/23
2,item1,2,25/04/23
2,item1,2,26/04/23
2,item1,2,27/04/23
2,item1,1,28/04/23
2,item1,2,29/04/23
2,item1,2,30/04/23
3,item1,1,01/04/23
3,item1,2,02/04/23
3,item1,2,03/04/23
3,item1,1,04/04/23
3,item1,1,05/04/23
3,item1,1,06/04/23
3,item1,2,07/04/23
3,item1,1,08/04/23
3,item1,1,09/04/23
3,item1,2,10/04/23
3,item1,1,11/04/23
3,item1,1,12/04/23
3,item1,2,13/04/23
3,item1,2,14/04/23
3,item1,1,15/04/23
3,item1,1,16/04/23
3,item1,1,17/04/23
3,item1,2,18/04/23
3,item1,2,19/04/23
3,item1,1,20/04/23
3,item1,2,21/04/23
3,item1,2,22/04/23
3,item1,2,23/04/23
3,item1,1,24/04/23
3,item1,1,25/04/23
3,item1,1,26/04/23
3,item1,1,27/04/23
3,item1,1,28/04/23
3,item1,2,29/04/23
3,item1,1,30/04/23
4,item1,1,01/04/23
4,item1,1,02/04/23
4,item1,1,03/04/23
4,item1,1,04/04/23
4,item1,2,05/04/23
4,item1,1,06/04/23
4,item1,1,07/04/23
4,item1,2,08/04/23
4,item1,1,09/04/23
4,item1,2,10/04/23
4,item1,1,11/04/23
4,item1,2,12/04/23
4,item1,2,13/04/23
4,item1,1,14/04/23
4,item1,1,15/04/23
4,item1,2,16/04/23
4,item1,1,17/04/23
4,item1,1,18/04/23
4,item1,1,19/04/23
4,item1,2,20/04/23
4,item1,2,21/04/23
4,item1,2,22/04/23
4,item1,1,23/04/23
4,item1,2,24/04/23
4,item1,2,25/04/23
4,item1,2,26/04/23
4,item1,1,27/04/23
4,item1,2,28/04/23
4,item1,1,29/04/23
4,item1,1,30/04/23
5,item1,2,01/04/23
5,item1,2,02/04/23
5,item1,1,03/04/23
5,item1,2,04/04/23
5,item1,2,05/04/23
5,item1,2,06/04/23
5,item1,2,07/04/23
5,item1,2,08/04/23
5,item1,1,09/04/23
5,item1,1,10/04/23
5,item1,2,11/04/23
5,item1,2,12/04/23
5,item1,1,13/04/23
5,item1,1,14/04/23
5,item1,1,15/04/23
5,item1,2,16/04/23
5,item1,2,17/04/23
5,item1,2,18/04/23
5,item1,1,19/04/23
5,item1,1,20/04/23
5,item1,1,21/04/23
5,item1,2,22/04/23
5,item1,1,23/04/23
5,item1,2,24/04/23
5,item1,1,25/04/23
5,item1,1,26/04/23
5,item1,1,27/04/23
5,item1,2,28/04/23
5,item1,2,29/04/23
5,item1,1,30/04/23
6,item1,1,01/04/23
6,item1,1,02/04/23
6,item1,2,03/04/23
6,item1,2,04/04/23
6,item1,2,05/04/23
6,item1,2,06/04/23
6,item1,2,07/04/23
6,item1,2,08/04/23
6,item1,2,09/04/23
6,item1,2,10/04/23
6,item1,1,11/04/23
6,item1,2,12/04/23
6,item1,1,13/04/23
6,item1,1,14/04/23
6,item1,2,15/04/23
6,item1,2,16/04/23
6,item1,2,17/04/23
6,item1,2,18/04/23
6,item1,1,19/04/23
6,item1,1,20/04/23
6,item1,2,21/04/23
6,item1,1,22/04/23
6,item1,1,23/04/23
6,item1,1,24/04/23
6,item1,1,25/04/23
6,item1,1,26/04/23
6,item1,2,27/04/23
6,item1,2,28/04/23
6,item1,2,29/04/23
6,item1,2,30/04/23
7,item1,2,01/04/23
7,item1,1,02/04/23
7,item1,1,03/04/23
7,item1,2,04/04/23
7,item1,1,05/04/23
7,item1,1,06/04/23
7,item1,1,07/04/23
7,item1,2,08/04/23
7,item1,1,09/04/23
7,item1,2,10/04/23
7,item1,1,11/04/23
7,item1,2,12/04/23
7,item1,1,13/04/23
7,item1,1,14/04/23
7,item1,1,15/04/23
7,item1,2,16/04/23
7,item1,1,17/04/23
7,item1,1,18/04/23
7,item1,2,19/04/23
7,item1,2,20/04/23
7,item1,2,21/04/23
7,item1,2,22/04/23
7,item1,2,23/04/23
7,item1,1,24/04/23
7,item1,2,25/04/23
7,item1,2,26/04/23
7,item1,2,27/04/23
7,item1,2,28/04/23
7,item1,2,29/04/23
7,item1,1,30/04/23
8,item1,2,01/04/23
8,item1,1,02/04/23
8,item1,2,03/04/23
8,item1,1,04/04/23
8,item1,1,05/04/23
8,item1,1,06/04/23
8,item1,2,07/04/23
8,item1,1,08/04/23
8,item1,1,09/04/23
8,item1,2,10/04/23
8,item1,2,11/04/23
8,item1,2,12/04/23
8,item1,1,13/04/23
8,item1,1,14/04/23
8,item1,1,15/04/23
8,item1,1,16/04/23
8,item1,2,17/04/23
8,item1,2,18/04/23
8,item1,2,19/04/23
8,item1,1,20/04/23
8,item1,2,21/04/23
8,item1,2,22/04/23
8,item1,1,23/04/23
8,item1,2,24/04/23
8,item1,2,25/04/23
8,item1,1,26/04/23
8,item1,1,27/04/23
8,item1,2,28/04/23
8,item1,2,29/04/23
8,item1,2,30/04/23
9,item1,1,01/04/23
9,item1,2,02/04/23
9,item1,1,03/04/23
9,item1,1,04/04/23
9,item1,2,05/04/23
9,item1,2,06/04/23
9,item1,1,07/04/23
9,item1,1,08/04/23
9,item1,2,09/04/23
9,item1,2,10/04/23
9,item1,2,11/04/23
9,item1,1,12/04/23
9,item1,2,13/04/23
9,item1,2,14/04/23
9,item1,1,15/04/23
9,item1,2,16/04/23
9,item1,2,17/04/23
9,item1,1,18/04/23
9,item1,2,19/04/23
9,item1,2,20/04/23
9,item1,2,21/04/23
9,item1,2,22/04/23
9,item1,2,23/04/23
9,item1,1,24/04/23
9,item1,2,25/04/23
9,item1,2,26/04/23
9,item1,2,27/04/23
9,item1,2,28/04/23
9,item1,1,29/04/23
9,item1,1,30/04/23
10,item1,2,01/04/23
10,item1,2,02/04/23
10,item1,2,03/04/23
10,item1,1,04/04/23
10,item1,2,05/04/23
10,item1,1,06/04/23
10,item1,1,07/04/23
10,item1,1,08/04/23
10,item1,1,09/04/23
10,item1,1,10/04/23
10,item1,2,11/04/23
10,item1,2,12/04/23
10,item1,2,13/04/23
10,item1,1,14/04/23
10,item1,1,15/04/23
10,item1,1,16/04/23
10,item1,2,17/04/23
10,item1,1,18/04/23
10,item1,2,19/04/23
10,item1,1,20/04/23
10,item1,2,21/04/23
10,item1,2,22/04/23
10,item1,1,23/04/23
10,item1,1,24/04/23
10,item1,1,25/04/23
10,item1,1,26/04/23
10,item1,2,27/04/23
10,item1,2,28/04/23
10,item1,2,29/04/23
10,item1,2,30/04/23
11,item1,2,01/04/23
11,item1,2,02/04/23
11,item1,1,03/04/23
11,item1,1,04/04/23
11,item1,1,05/04/23
11,item1,1,06/04/23
11,item1,1,07/04/23
11,item1,1,08/04/23
11,item1,2,09/04/23
11,item1,1,10/04/23
11,item1,2,11/04/23
11,item1,2,12/04/23
11,item1,1,13/04/23
11,item1,2,14/04/23
11,item1,1,15/04/23
11,item1,1,16/04/23
11,item1,2,17/04/23
11,item1,2,18/04/23
11,item1,2,19/04/23
11,item1,1,20/04/23
11,item1,2,21/04/23
11,item1,1,22/04/23
11,item1,1,23/04/23
11,item1,2,24/04/23
11,item1,1,25/04/23
11,item1,2,26/04/23
11,item1,2,27/04/23
11,item1,1,28/04/23
11,item1,2,29/04/23
11,item1,1,30/04/23
12,item1,1,01/04/23
12,item1,2,02/04/23
12,item1,1,03/04/23
12,item1,1,04/04/23
12,item1,2,05/04/23
12,item1,2,06/04/23
12,item1,1,07/04/23
12,item1,1,08/04/23
12,item1,1,09/04/23
12,item1,1,10/04/23
12,item1,1,11/04/23
12,item1,2,12/04/23
12,item1,1,13/04/23
12,item1,2,14/04/23
12,item1,2,15/04/23
12,item1,2,16/04/23
12,item1,1,17/04/23
12,item1,2,18/04/23
12,item1,1,19/04/23
12,item1,1,20/04/23
12,item1,2,21/04/23
12,item1,1,22/04/23
12,item1,1,23/04/23
12,item1,2,24/04/23
12,item1,1,25/04/23
12,item1,1,26/04/23
12,item1,1,27/04/23
12,item1,2,28/04/23
12,item1,2,29/04/23
12,item1,2,30/04/23
13,item1,1,01/04/23
13,item1,2,02/04/23
13,item1,1,03/04/23
13,item1,2,04/04/23
13,item1,2,05/04/23
13,item1,1,06/04/23
13,item1,1,07/04/23
13,item1,1,08/04/23
13,item1,1,09/04/23
13,item1,1,10/04/23
13,item1,1,11/04/23
13,item1,2,12/04/23
13,item1,1,13/04/23
13,item1,1,14/04/23
13,item1,1,15/04/23
13,item1,2,16/04/23
13,item1,2,17/04/23
13,item1,2,18/04/23
13,item1,1,19/04/23
13,item1,1,20/04/23
13,item1,2,21/04/23
13,item1,2,22/04/23
13,item1,1,23/04/23
13,item1,1,24/04/23
13,item1,2,25/04/23
13,item1,2,26/04/23
13,item1,2,27/04/23
13,item1,1,28/04/23
13,item1,1,29/04/23
13,item1,1,30/04/23
14,item1,1,01/04/23
14,item1,2,02/04/23
14,item1,2,03/04/23
14,item1,1,04/04/23
14,item1,1,05/04/23
14,item1,1,06/04/23
14,item1,2,07/04/23
14,item1,1,08/04/23
14,item1,1,09/04/23
14,item1,1,10/04/23
14,item1,2,11/04/23
14,item1,2,12/04/23
14,item1,2,13/04/23
14,item1,2,14/04/23
14,item1,2,15/04/23
14,item1,1,16/04/23
14,item1,1,17/04/23
14,item1,1,18/04/23
14,item1,2,19/04/23
14,item1,2,20/04/23
14,item1,1,21/04/23
14,item1,2,22/04/23
14,item1,1,23/04/23
14,item1,1,24/04/23
14,item1,1,25/04/23
14,item1,2,26/04/23
14,item1,1,27/04/23
14,item1,2,28/04/23
14,item1,2,29/04/23
14,item1,1,30/04/23
15,item1,2,01/04/23
15,item1,1,02/04/23
15,item1,2,03/04/23
15,item1,1,04/04/23
15,item1,1,05/04/23
15,item1,1,06/04/23
15,item1,2,07/04/23
15,item1,2,08/04/23
15,item1,1,09/04/23
15,item1,2,10/04/23
15,item1,1,11/04/23
15,item1,1,12/04/23
15,item1,1,13/04/23
15,item1,2,14/04/23
15,item1,2,15/04/23
15,item1,2,16/04/23
15,item1,1,17/04/23
15,item1,2,18/04/23
15,item1,1,19/04/23
15,item1,2,20/04/23
15,item1,2,21/04/23
15,item1,1,22/04/23
15,item1,2,23/04/23
15,item1,1,24/04/23
15,item1,1,25/04/23
15,item1,1,26/04/23
15,item1,2,27/04/23
15,item1,2,28/04/23
15,item1,1,29/04/23
15,item1,2,30/04/23
16,item1,2,01/04/23
16,item1,2,02/04/23
16,item1,1,03/04/23
16,item1,1,04/04/23
16,item1,2,05/04/23
16,item1,2,06/04/23
16,item1,1,07/04/23
16,item1,2,08/04/23
16,item1,2,09/04/23
16,item1,1,10/04/23
16,item1,2,11/04/23
16,item1,2,12/04/23
16,item1,1,13/04/23
16,item1,1,14/04/23
16,item1,2,15/04/23
16,item1,2,16/04/23
16,item1,2,17/04/23
16,item1,2,18/04/23
16,item1,2,19/04/23
16,item1,2,20/04/23
16,item1,2,21/04/23
16,item1,1,22/04/23
16,item1,1,23/04/23
16,item1,1,24/04/23
16,item1,2,25/04/23
16,item1,1,26/04/23
16,item1,1,27/04/23
16,item1,2,28/04/23
16,item1,2,29/04/23
16,item1,1,30/04/23
17,item1,1,01/04/23
17,item1,2,02/04/23
17,item1,1,03/04/23
17,item1,2,04/04/23
17,item1,2,05/04/23
17,item1,1,06/04/23
17,item1,2,07/04/23
17,item1,1,08/04/23
17,item1,1,09/04/23
17,item1,1,10/04/23
17,item1,2,11/04/23
17,item1,1,12/04/23
17,item1,1,13/04/23
17,item1,1,14/04/23
17,item1,2,15/04/23
17,item1,1,16/04/23
17,item1,2,17/04/23
17,item1,2,18/04/23
17,item1,2,19/04/23
17,item1,2,20/04/23
17,item1,1,21/04/23
17,item1,1,22/04/23
17,item1,1,23/04/23
17,item1,1,24/04/23
17,item1,2,25/04/23
17,item1,2,26/04/23
17,item1,1,27/04/23
17,item1,1,28/04/23
17,item1,1,29/04/23
17,item1,2,30/04/23
18,item1,1,01/04/23
18,item1,1,02/04/23
18,item1,2,03/04/23
18,item1,2,04/04/23
18,item1,1,05/04/23
18,item1,2,06/04/23
18,item1,2,07/04/23
18,item1,2,08/04/23
18,item1,1,09/04/23
18,item1,1,10/04/23
18,item1,2,11/04/23
18,item1,1,12/04/23
18,item1,1,13/04/23
18,item1,1,14/04/23
18,item1,2,15/04/23
18,item1,1,16/04/23
18,item1,2,17/04/23
18,item1,2,18/04/23
18,item1,2,19/04/23
18,item1,1,20/04/23
18,item1,1,21/04/23
18,item1,2,22/04/23
18,item1,2,23/04/23
18,item1,1,24/04/23
18,item1,2,25/04/23
18,item1,2,26/04/23
18,item1,2,27/04/23
18,item1,1,28/04/23
18,item1,2,29/04/23
18,item1,1,30/04/23
19,item1,2,01/04/23
19,item1,1,02/04/23
19,item1,1,03/04/23
19,item1,2,04/04/23
19,item1,1,05/04/23
19,item1,2,06/04/23
19,item1,1,07/04/23
19,item1,1,08/04/23
19,item1,2,09/04/23
19,item1,1,10/04/23
19,item1,2,11/04/23
19,item1,2,12/04/23
19,item1,2,13/04/23
19,item1,2,14/04/23
19,item1,2,15/04/23
19,item1,1,16/04/23
19,item1,1,17/04/23
19,item1,1,18/04/23
19,item1,1,19/04/23
19,item1,1,20/04/23
19,item1,2,21/04/23
19,item1,2,22/04/23
19,item1,1,23/04/23
19,item1,1,24/04/23
19,item1,2,25/04/23
19,item1,2,26/04/23
19,item1,2,27/04/23
19,item1,1,28/04/23
19,item1,1,29/04/23
19,item1,1,30/04/23
20,item1,2,01/04/23
20,item1,2,02/04/23
20,item1,1,03/04/23
20,item1,2,04/04/23
20,item1,2,05/04/23
20,item1,2,06/04/23
20,item1,2,07/04/23
20,item1,1,08/04/23
20,item1,2,09/04/23
20,item1,2,10/04/23
20,item1,1,11/04/23
20,item1,2,12/04/23
20,item1,1,13/04/23
20,item1,2,14/04/23
20,item1,2,15/04/23
20,item1,2,16/04/23
20,item1,2,17/04/23
20,item1,2,18/04/23
20,item1,2,19/04/23
20,item1,1,20/04/23
20,item1,2,21/04/23
20,item1,2,22/04/23
20,item1,2,23/04/23
20,item1,2,24/04/23
20,item1,2,25/04/23
20,item1,1,26/04/23
20,item1,2,27/04/23
20,item1,1,28/04/23
20,item1,1,29/04/23
20,item1,1,30/04/23
21,item1,1,01/04/23
21,item1,1,02/04/23
21,item1,2,03/04/23
21,item1,1,04/04/23
21,item1,1,05/04/23
21,item1,1,06/04/23
21,item1,2,07/04/23
21,item1,2,08/04/23
21,item1,1,09/04/23
21,item1,1,10/04/23
21,item1,1,11/04/23
21,item1,2,12/04/23
21,item1,2,13/04/23
21,item1,1,14/04/23
21,item1,2,15/04/23
21,item1,1,16/04/23
21,item1,2,17/04/23
21,item1,2,18/04/23
21,item1,2,19/04/23
21,item1,1,20/04/23
21,item1,1,21/04/23
21,item1,2,22/04/23
21,item1,1,23/04/23
21,item1,1,24/04/23
21,item1,1,25/04/23
21,item1,1,26/04/23
21,item1,2,27/04/23
21,item1,2,28/04/23
21,item1,1,29/04/23
21,item1,2,30/04/23
22,item1,2,01/04/23
22,item1,2,02/04/23
22,item1,1,03/04/23
22,item1,1,04/04/23
22,item1,1,05/04/23
22,item1,1,06/04/23
22,item1,1,07/04/23
22,item1,2,08/04/23
22,item1,1,09/04/23
22,item1,2,10/04/23
22,item1,2,11/04/23
22,item1,1,12/04/23
22,item1,1,13/04/23
22,item1,2,14/04/23
22,item1,2,15/04/23
22,item1,1,16/04/23
22,item1,1,17/04/23
22,item1,2,18/04/23
22,item1,2,19/04/23
22,item1,2,20/04/23
22,item1,2,21/04/23
22,item1,2,22/04/23
22,item1,1,23/04/23
22,item1,2,24/04/23
22,item1,1,25/04/23
22,item1,1,26/04/23
22,item1,1,27/04/23
22,item1,2,28/04/23
22,item1,2,29/04/23
22,item1,2,30/04/23
1,item2,2,01/04/23
1,item2,2,02/04/23
1,item2,2,03/04/23
1,item2,1,04/04/23
1,item2,1,05/04/23
1,item2,1,06/04/23
1,item2,1,07/04/23
1,item2,2,08/04/23
1,item2,2,09/04/23
1,item2,2,10/04/23
1,item2,1,11/04/23
1,item2,2,12/04/23
1,item2,2,13/04/23
1,item2,1,14/04/23
1,item2,2,15/04/23
1,item2,1,16/04/23
1,item2,2,17/04/23
1,item2,1,18/04/23
1,item2,1,19/04/23
1,item2,1,20/04/23
1,item2,2,21/04/23
1,item2,2,22/04/23
1,item2,1,23/04/23
1,item2,2,24/04/23
1,item2,1,25/04/23
1,item2,2,26/04/23
1,item2,1,27/04/23
1,item2,2,28/04/23
1,item2,2,29/04/23
1,item2,2,30/04/23
2,item2,1,01/04/23
2,item2,1,02/04/23
2,item2,1,03/04/23
2,item2,1,04/04/23
2,item2,1,05/04/23
2,item2,1,06/04/23
2,item2,2,07/04/23
2,item2,2,08/04/23
2,item2,2,09/04/23
2,item2,2,10/04/23
2,item2,2,11/04/23
2,item2,2,12/04/23
2,item2,1,13/04/23
2,item2,2,14/04/23
2,item2,2,15/04/23
2,item2,2,16/04/23
2,item2,2,17/04/23
2,item2,1,18/04/23
2,item2,1,19/04/23
2,item2,2,20/04/23
2,item2,2,21/04/23
2,item2,1,22/04/23
2,item2,1,23/04/23
2,item2,1,24/04/23
2,item2,2,25/04/23
2,item2,1,26/04/23
2,item2,2,27/04/23
2,item2,2,28/04/23
2,item2,1,29/04/23
2,item2,1,30/04/23
3,item2,2,01/04/23
3,item2,1,02/04/23
3,item2,2,03/04/23
3,item2,1,04/04/23
3,item2,1,05/04/23
3,item2,2,06/04/23
3,item2,1,07/04/23
3,item2,2,08/04/23
3,item2,1,09/04/23
3,item2,2,10/04/23
3,item2,2,11/04/23
3,item2,2,12/04/23
3,item2,1,13/04/23
3,item2,1,14/04/23
3,item2,2,15/04/23
3,item2,1,16/04/23
3,item2,1,17/04/23
3,item2,2,18/04/23
3,item2,1,19/04/23
3,item2,2,20/04/23
3,item2,1,21/04/23
3,item2,2,22/04/23
3,item2,2,23/04/23
3,item2,1,24/04/23
3,item2,1,25/04/23
3,item2,1,26/04/23
3,item2,1,27/04/23
3,item2,2,28/04/23
3,item2,2,29/04/23
3,item2,1,30/04/23
4,item2,1,01/04/23
4,item2,1,02/04/23
4,item2,1,03/04/23
4,item2,1,04/04/23
4,item2,1,05/04/23
4,item2,2,06/04/23
4,item2,1,07/04/23
4,item2,2,08/04/23
4,item2,1,09/04/23
4,item2,2,10/04/23
4,item2,1,11/04/23
4,item2,2,12/04/23
4,item2,1,13/04/23
4,item2,1,14/04/23
4,item2,2,15/04/23
4,item2,1,16/04/23
4,item2,1,17/04/23
4,item2,2,18/04/23
4,item2,1,19/04/23
4,item2,1,20/04/23
4,item2,1,21/04/23
4,item2,2,22/04/23
4,item2,2,23/04/23
4,item2,1,24/04/23
4,item2,2,25/04/23
4,item2,2,26/04/23
4,item2,2,27/04/23
4,item2,1,28/04/23
4,item2,2,29/04/23
4,item2,1,30/04/23
5,item2,1,01/04/23
5,item2,2,02/04/23
5,item2,1,03/04/23
5,item2,1,04/04/23
5,item2,2,05/04/23
5,item2,2,06/04/23
5,item2,2,07/04/23
5,item2,1,08/04/23
5,item2,2,09/04/23
5,item2,2,10/04/23
5,item2,1,11/04/23
5,item2,2,12/04/23
5,item2,2,13/04/23
5,item2,2,14/04/23
5,item2,2,15/04/23
5,item2,2,16/04/23
5,item2,1,17/04/23
5,item2,1,18/04/23
5,item2,2,19/04/23
5,item2,1,20/04/23
5,item2,1,21/04/23
5,item2,2,22/04/23
5,item2,2,23/04/23
5,item2,1,24/04/23
5,item2,1,25/04/23
5,item2,1,26/04/23
5,item2,1,27/04/23
5,item2,2,28/04/23
5,item2,1,29/04/23
5,item2,2,30/04/23
6,item2,1,01/04/23
6,item2,1,02/04/23
6,item2,1,03/04/23
6,item2,1,04/04/23
6,item2,1,05/04/23
6,item2,2,06/04/23
6,item2,1,07/04/23
6,item2,1,08/04/23
6,item2,2,09/04/23
6,item2,1,10/04/23
6,item2,2,11/04/23
6,item2,1,12/04/23
6,item2,1,13/04/23
6,item2,1,14/04/23
6,item2,2,15/04/23
6,item2,1,16/04/23
6,item2,1,17/04/23
6,item2,1,18/04/23
6,item2,2,19/04/23
6,item2,2,20/04/23
6,item2,1,21/04/23
6,item2,1,22/04/23
6,item2,1,23/04/23
6,item2,1,24/04/23
6,item2,1,25/04/23
6,item2,1,26/04/23
6,item2,1,27/04/23
6,item2,1,28/04/23
6,item2,1,29/04/23
6,item2,1,30/04/23
7,item2,2,01/04/23
7,item2,2,02/04/23
7,item2,1,03/04/23
7,item2,2,04/04/23
7,item2,1,05/04/23
7,item2,1,06/04/23
7,item2,1,07/04/23
7,item2,1,08/04/23
7,item2,2,09/04/23
7,item2,2,10/04/23
7,item2,1,11/04/23
7,item2,1,12/04/23
7,item2,1,13/04/23
7,item2,1,14/04/23
7,item2,2,15/04/23
7,item2,2,16/04/23
7,item2,1,17/04/23
7,item2,1,18/04/23
7,item2,1,19/04/23
7,item2,2,20/04/23
7,item2,1,21/04/23
7,item2,1,22/04/23
7,item2,2,23/04/23
7,item2,2,24/04/23
7,item2,2,25/04/23
7,item2,2,26/04/23
7,item2,1,27/04/23
7,item2,1,28/04/23
7,item2,1,29/04/23
7,item2,1,30/04/23
8,item2,2,01/04/23
8,item2,1,02/04/23
8,item2,1,03/04/23
8,item2,2,04/04/23
8,item2,2,05/04/23
8,item2,1,06/04/23
8,item2,1,07/04/23
8,item2,1,08/04/23
8,item2,1,09/04/23
8,item2,2,10/04/23
8,item2,1,11/04/23
8,item2,2,12/04/23
8,item2,1,13/04/23
8,item2,2,14/04/23
8,item2,1,15/04/23
8,item2,1,16/04/23
8,item2,1,17/04/23
8,item2,2,18/04/23
8,item2,2,19/04/23
8,item2,2,20/04/23
8,item2,1,21/04/23
8,item2,1,22/04/23
8,item2,2,23/04/23
8,item2,2,24/04/23
8,item2,1,25/04/23
8,item2,2,26/04/23
8,item2,2,27/04/23
8,item2,1,28/04/23
8,item2,2,29/04/23
8,item2,2,30/04/23
9,item2,2,01/04/23
9,item2,2,02/04/23
9,item2,1,03/04/23
9,item2,2,04/04/23
9,item2,1,05/04/23
9,item2,1,06/04/23
9,item2,1,07/04/23
9,item2,2,08/04/23
9,item2,2,09/04/23
9,item2,2,10/04/23
9,item2,1,11/04/23
9,item2,2,12/04/23
9,item2,2,13/04/23
9,item2,2,14/04/23
9,item2,2,15/04/23
9,item2,1,16/04/23
9,item2,1,17/04/23
9,item2,2,18/04/23
9,item2,2,19/04/23
9,item2,1,20/04/23
9,item2,2,21/04/23
9,item2,2,22/04/23
9,item2,2,23/04/23
9,item2,1,24/04/23
9,item2,1,25/04/23
9,item2,2,26/04/23
9,item2,1,27/04/23
9,item2,2,28/04/23
9,item2,1,29/04/23
9,item2,1,30/04/23
10,item2,1,01/04/23
10,item2,1,02/04/23
10,item2,2,03/04/23
10,item2,2,04/04/23
10,item2,2,05/04/23
10,item2,2,06/04/23
10,item2,2,07/04/23
10,item2,2,08/04/23
10,item2,1,09/04/23
10,item2,1,10/04/23
10,item2,2,11/04/23
10,item2,1,12/04/23
10,item2,1,13/04/23
10,item2,1,14/04/23
10,item2,1,15/04/23
10,item2,2,16/04/23
10,item2,2,17/04/23
10,item2,2,18/04/23
10,item2,1,19/04/23
10,item2,2,20/04/23
10,item2,2,21/04/23
10,item2,2,22/04/23
10,item2,1,23/04/23
10,item2,2,24/04/23
10,item2,2,25/04/23
10,item2,2,26/04/23
10,item2,2,27/04/23
10,item2,2,28/04/23
10,item2,2,29/04/23
10,item2,1,30/04/23
11,item2,2,01/04/23
11,item2,1,02/04/23
11,item2,1,03/04/23
11,item2,2,04/04/23
11,item2,2,05/04/23
11,item2,2,06/04/23
11,item2,1,07/04/23
11,item2,1,08/04/23
11,item2,2,09/04/23
11,item2,2,10/04/23
11,item2,2,11/04/23
11,item2,1,12/04/23
11,item2,2,13/04/23
11,item2,2,14/04/23
11,item2,1,15/04/23
11,item2,1,16/04/23
11,item2,2,17/04/23
11,item2,1,18/04/23
11,item2,2,19/04/23
11,item2,2,20/04/23
11,item2,2,21/04/23
11,item2,1,22/04/23
11,item2,1,23/04/23
11,item2,1,24/04/23
11,item2,1,25/04/23
11,item2,1,26/04/23
11,item2,2,27/04/23
11,item2,2,28/04/23
11,item2,1,29/04/23
11,item2,1,30/04/23
12,item2,2,01/04/23
12,item2,2,02/04/23
12,item2,1,03/04/23
12,item2,1,04/04/23
12,item2,2,05/04/23
12,item2,2,06/04/23
12,item2,1,07/04/23
12,item2,1,08/04/23
12,item2,1,09/04/23
12,item2,1,10/04/23
12,item2,1,11/04/23
12,item2,2,12/04/23
12,item2,1,13/04/23
12,item2,2,14/04/23
12,item2,1,15/04/23
12,item2,2,16/04/23
12,item2,2,17/04/23
12,item2,2,18/04/23
12,item2,1,19/04/23
12,item2,2,20/04/23
12,item2,1,21/04/23
12,item2,2,22/04/23
12,item2,2,23/04/23
12,item2,1,24/04/23
12,item2,1,25/04/23
12,item2,1,26/04/23
12,item2,2,27/04/23
12,item2,1,28/04/23
12,item2,1,29/04/23
12,item2,2,30/04/23
13,item2,1,01/04/23
13,item2,2,02/04/23
13,item2,2,03/04/23
13,item2,2,04/04/23
13,item2,1,05/04/23
13,item2,1,06/04/23
13,item2,1,07/04/23
13,item2,2,08/04/23
13,item2,2,09/04/23
13,item2,1,10/04/23
13,item2,2,11/04/23
13,item2,2,12/04/23
13,item2,2,13/04/23
13,item2,1,14/04/23
13,item2,2,15/04/23
13,item2,2,16/04/23
13,item2,1,17/04/23
13,item2,1,18/04/23
13,item2,2,19/04/23
13,item2,1,20/04/23
13,item2,2,21/04/23
13,item2,1,22/04/23
13,item2,1,23/04/23
13,item2,1,24/04/23
13,item2,2,25/04/23
13,item2,2,26/04/23
13,item2,2,27/04/23
13,item2,1,28/04/23
13,item2,2,29/04/23
13,item2,1,30/04/23
14,item2,2,01/04/23
14,item2,1,02/04/23
14,item2,2,03/04/23
14,item2,1,04/04/23
14,item2,2,05/04/23
14,item2,1,06/04/23
14,item2,2,07/04/23
14,item2,1,08/04/23
14,item2,1,09/04/23
14,item2,1,10/04/23
14,item2,2,11/04/23
14,item2,1,12/04/23
14,item2,1,13/04/23
14,item2,1,14/04/23
14,item2,2,15/04/23
14,item2,1,16/04/23
14,item2,1,17/04/23
14,item2,1,18/04/23
14,item2,1,19/04/23
14,item2,1,20/04/23
14,item2,2,21/04/23
14,item2,1,22/04/23
14,item2,1,23/04/23
14,item2,2,24/04/23
14,item2,2,25/04/23
14,item2,2,26/04/23
14,item2,2,27/04/23
14,item2,2,28/04/23
14,item2,2,29/04/23
14,item2,2,30/04/23
15,item2,2,01/04/23
15,item2,1,02/04/23
15,item2,1,03/04/23
15,item2,1,04/04/23
15,item2,2,05/04/23
15,item2,2,06/04/23
15,item2,1,07/04/23
15,item2,2,08/04/23
15,item2,2,09/04/23
15,item2,2,10/04/23
15,item2,2,11/04/23
15,item2,1,12/04/23
15,item2,2,13/04/23
15,item2,1,14/04/23
15,item2,1,15/04/23
15,item2,2,16/04/23
15,item2,1,17/04/23
15,item2,2,18/04/23
15,item2,1,19/04/23
15,item2,2,20/04/23
15,item2,1,21/04/23
15,item2,1,22/04/23
15,item2,1,23/04/23
15,item2,2,24/04/23
15,item2,2,25/04/23
15,item2,2,26/04/23
15,item2,2,27/04/23
15,item2,2,28/04/23
15,item2,1,29/04/23
15,item2,2,30/04/23
16,item2,2,01/04/23
16,item2,1,02/04/23
16,item2,1,03/04/23
16,item2,1,04/04/23
16,item2,2,05/04/23
16,item2,2,06/04/23
16,item2,2,07/04/23
16,item2,2,08/04/23
16,item2,1,09/04/23
16,item2,2,10/04/23
16,item2,2,11/04/23
16,item2,2,12/04/23
16,item2,1,13/04/23
16,item2,1,14/04/23
16,item2,1,15/04/23
16,item2,2,16/04/23
16,item2,2,17/04/23
16,item2,2,18/04/23
16,item2,1,19/04/23
16,item2,2,20/04/23
16,item2,1,21/04/23
16,item2,1,22/04/23
16,item2,1,23/04/23
16,item2,1,24/04/23
16,item2,2,25/04/23
16,item2,1,26/04/23
16,item2,1,27/04/23
16,item2,1,28/04/23
16,item2,1,29/04/23
16,item2,2,30/04/23
17,item2,2,01/04/23
17,item2,2,02/04/23
17,item2,2,03/04/23
17,item2,1,04/04/23
17,item2,1,05/04/23
17,item2,2,06/04/23
17,item2,2,07/04/23
17,item2,1,08/04/23
17,item2,2,09/04/23
17,item2,2,10/04/23
17,item2,1,11/04/23
17,item2,1,12/04/23
17,item2,2,13/04/23
17,item2,1,14/04/23
17,item2,1,15/04/23
17,item2,1,16/04/23
17,item2,1,17/04/23
17,item2,1,18/04/23
17,item2,1,19/04/23
17,item2,2,20/04/23
17,item2,1,21/04/23
17,item2,2,22/04/23
17,item2,1,23/04/23
17,item2,1,24/04/23
17,item2,1,25/04/23
17,item2,1,26/04/23
17,item2,1,27/04/23
17,item2,2,28/04/23
17,item2,1,29/04/23
17,item2,1,30/04/23
18,item2,2,01/04/23
18,item2,2,02/04/23
18,item2,1,03/04/23
18,item2,1,04/04/23
18,item2,1,05/04/23
18,item2,2,06/04/23
18,item2,2,07/04/23
18,item2,2,08/04/23
18,item2,1,09/04/23
18,item2,2,10/04/23
18,item2,1,11/04/23
18,item2,1,12/04/23
18,item2,1,13/04/23
18,item2,2,14/04/23
18,item2,2,15/04/23
18,item2,1,16/04/23
18,item2,1,17/04/23
18,item2,2,18/04/23
18,item2,1,19/04/23
18,item2,1,20/04/23
18,item2,2,21/04/23
18,item2,1,22/04/23
18,item2,1,23/04/23
18,item2,1,24/04/23
18,item2,2,25/04/23
18,item2,1,26/04/23
18,item2,1,27/04/23
18,item2,2,28/04/23
18,item2,1,29/04/23
18,item2,1,30/04/23
19,item2,1,01/04/23
19,item2,2,02/04/23
19,item2,1,03/04/23
19,item2,2,04/04/23
19,item2,2,05/04/23
19,item2,1,06/04/23
19,item2,1,07/04/23
19,item2,2,08/04/23
19,item2,1,09/04/23
19,item2,1,10/04/23
19,item2,1,11/04/23
19,item2,2,12/04/23
19,item2,1,13/04/23
19,item2,1,14/04/23
19,item2,1,15/04/23
19,item2,2,16/04/23
19,item2,2,17/04/23
19,item2,1,18/04/23
19,item2,2,19/04/23
19,item2,1,20/04/23
19,item2,1,21/04/23
19,item2,1,22/04/23
19,item2,2,23/04/23
19,item2,1,24/04/23
19,item2,1,25/04/23
19,item2,1,26/04/23
19,item2,1,27/04/23
19,item2,1,28/04/23
19,item2,2,29/04/23
19,item2,2,30/04/23
20,item2,2,01/04/23
20,item2,1,02/04/23
20,item2,1,03/04/23
20,item2,2,04/04/23
20,item2,1,05/04/23
20,item2,1,06/04/23
20,item2,2,07/04/23
20,item2,1,08/04/23
20,item2,2,09/04/23
20,item2,1,10/04/23
20,item2,2,11/04/23
20,item2,1,12/04/23
20,item2,2,13/04/23
20,item2,1,14/04/23
20,item2,1,15/04/23
20,item2,2,16/04/23
20,item2,1,17/04/23
20,item2,2,18/04/23
20,item2,1,19/04/23
20,item2,2,20/04/23
20,item2,2,21/04/23
20,item2,1,22/04/23
20,item2,2,23/04/23
20,item2,2,24/04/23
20,item2,2,25/04/23
20,item2,2,26/04/23
20,item2,1,27/04/23
20,item2,1,28/04/23
20,item2,1,29/04/23
20,item2,1,30/04/23
21,item2,1,01/04/23
21,item2,1,02/04/23
21,item2,1,03/04/23
21,item2,2,04/04/23
21,item2,1,05/04/23
21,item2,1,06/04/23
21,item2,2,07/04/23
21,item2,2,08/04/23
21,item2,2,09/04/23
21,item2,2,10/04/23
21,item2,2,11/04/23
21,item2,2,12/04/23
21,item2,1,13/04/23
21,item2,1,14/04/23
21,item2,1,15/04/23
21,item2,1,16/04/23
21,item2,2,17/04/23
21,item2,2,18/04/23
21,item2,1,19/04/23
21,item2,1,20/04/23
21,item2,1,21/04/23
21,item2,1,22/04/23
21,item2,1,23/04/23
21,item2,2,24/04/23
21,item2,2,25/04/23
21,item2,2,26/04/23
21,item2,2,27/04/23
21,item2,2,28/04/23
21,item2,2,29/04/23
21,item2,1,30/04/23
22,item2,1,01/04/23
22,item2,2,02/04/23
22,item2,1,03/04/23
22,item2,2,04/04/23
22,item2,2,05/04/23
22,item2,2,06/04/23
22,item2,2,07/04/23
22,item2,2,08/04/23
22,item2,2,09/04/23
22,item2,2,10/04/23
22,item2,2,11/04/23
22,item2,1,12/04/23
22,item2,1,13/04/23
22,item2,2,14/04/23
22,item2,2,15/04/23
22,item2,1,16/04/23
22,item2,2,17/04/23
22,item2,1,18/04/23
22,item2,2,19/04/23
22,item2,2,20/04/23
22,item2,2,21/04/23
22,item2,1,22/04/23
22,item2,1,23/04/23
22,item2,1,24/04/23
22,item2,2,25/04/23
22,item2,2,26/04/23
22,item2,1,27/04/23
22,item2,2,28/04/23
22,item2,2,29/04/23
22,item2,1,30/04/23
1,item3,2,01/04/23
1,item3,2,02/04/23
1,item3,2,03/04/23
1,item3,2,04/04/23
1,item3,1,05/04/23
1,item3,1,06/04/23
1,item3,2,07/04/23
1,item3,2,08/04/23
1,item3,1,09/04/23
1,item3,2,10/04/23
1,item3,2,11/04/23
1,item3,1,12/04/23
1,item3,1,13/04/23
1,item3,2,14/04/23
1,item3,2,15/04/23
1,item3,2,16/04/23
1,item3,2,17/04/23
1,item3,2,18/04/23
1,item3,1,19/04/23
1,item3,1,20/04/23
1,item3,2,21/04/23
1,item3,2,22/04/23
1,item3,1,23/04/23
1,item3,2,24/04/23
1,item3,2,25/04/23
1,item3,2,26/04/23
1,item3,2,27/04/23
1,item3,2,28/04/23
1,item3,1,29/04/23
1,item3,2,30/04/23
2,item3,1,01/04/23
2,item3,1,02/04/23
2,item3,2,03/04/23
2,item3,1,04/04/23
2,item3,2,05/04/23
2,item3,1,06/04/23
2,item3,2,07/04/23
2,item3,2,08/04/23
2,item3,1,09/04/23
2,item3,2,10/04/23
2,item3,1,11/04/23
2,item3,2,12/04/23
2,item3,1,13/04/23
2,item3,1,14/04/23
2,item3,1,15/04/23
2,item3,2,16/04/23
2,item3,1,17/04/23
2,item3,2,18/04/23
2,item3,1,19/04/23
2,item3,1,20/04/23
2,item3,1,21/04/23
2,item3,2,22/04/23
2,item3,2,23/04/23
2,item3,2,24/04/23
2,item3,1,25/04/23
2,item3,1,26/04/23
2,item3,1,27/04/23
2,item3,1,28/04/23
2,item3,1,29/04/23
2,item3,1,30/04/23
3,item3,2,01/04/23
3,item3,2,02/04/23
3,item3,1,03/04/23
3,item3,2,04/04/23
3,item3,2,05/04/23
3,item3,2,06/04/23
3,item3,2,07/04/23
3,item3,2,08/04/23
3,item3,2,09/04/23
3,item3,1,10/04/23
3,item3,2,11/04/23
3,item3,2,12/04/23
3,item3,1,13/04/23
3,item3,2,14/04/23
3,item3,1,15/04/23
3,item3,1,16/04/23
3,item3,2,17/04/23
3,item3,2,18/04/23
3,item3,2,19/04/23
3,item3,2,20/04/23
3,item3,2,21/04/23
3,item3,2,22/04/23
3,item3,1,23/04/23
3,item3,1,24/04/23
3,item3,2,25/04/23
3,item3,2,26/04/23
3,item3,2,27/04/23
3,item3,1,28/04/23
3,item3,2,29/04/23
3,item3,2,30/04/23
4,item3,2,01/04/23
4,item3,1,02/04/23
4,item3,1,03/04/23
4,item3,2,04/04/23
4,item3,2,05/04/23
4,item3,2,06/04/23
4,item3,1,07/04/23
4,item3,1,08/04/23
4,item3,2,09/04/23
4,item3,2,10/04/23
4,item3,1,11/04/23
4,item3,2,12/04/23
4,item3,1,13/04/23
4,item3,1,14/04/23
4,item3,1,15/04/23
4,item3,1,16/04/23
4,item3,2,17/04/23
4,item3,1,18/04/23
4,item3,1,19/04/23
4,item3,1,20/04/23
4,item3,2,21/04/23
4,item3,2,22/04/23
4,item3,1,23/04/23
4,item3,2,24/04/23
4,item3,1,25/04/23
4,item3,2,26/04/23
4,item3,1,27/04/23
4,item3,2,28/04/23
4,item3,1,29/04/23
4,item3,1,30/04/23
5,item3,2,01/04/23
5,item3,1,02/04/23
5,item3,2,03/04/23
5,item3,2,04/04/23
5,item3,2,05/04/23
5,item3,1,06/04/23
5,item3,2,07/04/23
5,item3,1,08/04/23
5,item3,2,09/04/23
5,item3,1,10/04/23
5,item3,1,11/04/23
5,item3,1,12/04/23
5,item3,2,13/04/23
5,item3,1,14/04/23
5,item3,1,15/04/23
5,item3,2,16/04/23
5,item3,2,17/04/23
5,item3,2,18/04/23
5,item3,1,19/04/23
5,item3,1,20/04/23
5,item3,1,21/04/23
5,item3,1,22/04/23
5,item3,2,23/04/23
5,item3,1,24/04/23
5,item3,1,25/04/23
5,item3,2,26/04/23
5,item3,1,27/04/23
5,item3,1,28/04/23
5,item3,1,29/04/23
5,item3,1,30/04/23
6,item3,2,01/04/23
6,item3,1,02/04/23
6,item3,1,03/04/23
6,item3,1,04/04/23
6,item3,1,05/04/23
6,item3,1,06/04/23
6,item3,1,07/04/23
6,item3,2,08/04/23
6,item3,1,09/04/23
6,item3,2,10/04/23
6,item3,1,11/04/23
6,item3,2,12/04/23
6,item3,1,13/04/23
6,item3,1,14/04/23
6,item3,2,15/04/23
6,item3,1,16/04/23
6,item3,2,17/04/23
6,item3,2,18/04/23
6,item3,1,19/04/23
6,item3,2,20/04/23
6,item3,2,21/04/23
6,item3,2,22/04/23
6,item3,1,23/04/23
6,item3,1,24/04/23
6,item3,1,25/04/23
6,item3,1,26/04/23
6,item3,2,27/04/23
6,item3,2,28/04/23
6,item3,1,29/04/23
6,item3,2,30/04/23
7,item3,2,01/04/23
7,item3,2,02/04/23
7,item3,2,03/04/23
7,item3,2,04/04/23
7,item3,1,05/04/23
7,item3,2,06/04/23
7,item3,2,07/04/23
7,item3,2,08/04/23
7,item3,1,09/04/23
7,item3,1,10/04/23
7,item3,1,11/04/23
7,item3,2,12/04/23
7,item3,1,13/04/23
7,item3,2,14/04/23
7,item3,1,15/04/23
7,item3,1,16/04/23
7,item3,2,17/04/23
7,item3,1,18/04/23
7,item3,1,19/04/23
7,item3,1,20/04/23
7,item3,2,21/04/23
7,item3,2,22/04/23
7,item3,2,23/04/23
7,item3,2,24/04/23
7,item3,1,25/04/23
7,item3,2,26/04/23
7,item3,2,27/04/23
7,item3,1,28/04/23
7,item3,1,29/04/23
7,item3,2,30/04/23
8,item3,1,01/04/23
8,item3,2,02/04/23
8,item3,1,03/04/23
8,item3,2,04/04/23
8,item3,1,05/04/23
8,item3,1,06/04/23
8,item3,2,07/04/23
8,item3,2,08/04/23
8,item3,2,09/04/23
8,item3,2,10/04/23
8,item3,1,11/04/23
8,item3,1,12/04/23
8,item3,2,13/04/23
8,item3,1,14/04/23
8,item3,1,15/04/23
8,item3,1,16/04/23
8,item3,1,17/04/23
8,item3,2,18/04/23
8,item3,1,19/04/23
8,item3,2,20/04/23
8,item3,1,21/04/23
8,item3,2,22/04/23
8,item3,1,23/04/23
8,item3,2,24/04/23
8,item3,2,25/04/23
8,item3,1,26/04/23
8,item3,1,27/04/23
8,item3,1,28/04/23
8,item3,2,29/04/23
8,item3,1,30/04/23
9,item3,2,01/04/23
9,item3,1,02/04/23
9,item3,2,03/04/23
9,item3,2,04/04/23
9,item3,2,05/04/23
9,item3,1,06/04/23
9,item3,1,07/04/23
9,item3,1,08/04/23
9,item3,1,09/04/23
9,item3,1,10/04/23
9,item3,1,11/04/23
9,item3,1,12/04/23
9,item3,1,13/04/23
9,item3,2,14/04/23
9,item3,2,15/04/23
9,item3,1,16/04/23
9,item3,2,17/04/23
9,item3,2,18/04/23
9,item3,1,19/04/23
9,item3,2,20/04/23
9,item3,1,21/04/23
9,item3,2,22/04/23
9,item3,2,23/04/23
9,item3,1,24/04/23
9,item3,1,25/04/23
9,item3,2,26/04/23
9,item3,2,27/04/23
9,item3,1,28/04/23
9,item3,2,29/04/23
9,item3,1,30/04/23
10,item3,1,01/04/23
10,item3,2,02/04/23
10,item3,2,03/04/23
10,item3,2,04/04/23
10,item3,2,05/04/23
10,item3,1,06/04/23
10,item3,1,07/04/23
10,item3,1,08/04/23
10,item3,1,09/04/23
10,item3,1,10/04/23
10,item3,1,11/04/23
10,item3,1,12/04/23
10,item3,1,13/04/23
10,item3,1,14/04/23
10,item3,1,15/04/23
10,item3,1,16/04/23
10,item3,2,17/04/23
10,item3,1,18/04/23
10,item3,2,19/04/23
10,item3,1,20/04/23
10,item3,2,21/04/23
10,item3,1,22/04/23
10,item3,2,23/04/23
10,item3,2,24/04/23
10,item3,2,25/04/23
10,item3,1,26/04/23
10,item3,1,27/04/23
10,item3,1,28/04/23
10,item3,1,29/04/23
10,item3,2,30/04/23
11,item3,1,01/04/23
11,item3,2,02/04/23
11,item3,1,03/04/23
11,item3,1,04/04/23
11,item3,1,05/04/23
11,item3,1,06/04/23
11,item3,2,07/04/23
11,item3,1,08/04/23
11,item3,1,09/04/23
11,item3,2,10/04/23
11,item3,1,11/04/23
11,item3,1,12/04/23
11,item3,1,13/04/23
11,item3,1,14/04/23
11,item3,1,15/04/23
11,item3,2,16/04/23
11,item3,1,17/04/23
11,item3,1,18/04/23
11,item3,2,19/04/23
11,item3,2,20/04/23
11,item3,2,21/04/23
11,item3,1,22/04/23
11,item3,1,23/04/23
11,item3,2,24/04/23
11,item3,1,25/04/23
11,item3,2,26/04/23
11,item3,1,27/04/23
11,item3,1,28/04/23
11,item3,1,29/04/23
11,item3,1,30/04/23
12,item3,2,01/04/23
12,item3,1,02/04/23
12,item3,1,03/04/23
12,item3,2,04/04/23
12,item3,2,05/04/23
12,item3,2,06/04/23
12,item3,2,07/04/23
12,item3,1,08/04/23
12,item3,1,09/04/23
12,item3,2,10/04/23
12,item3,1,11/04/23
12,item3,2,12/04/23
12,item3,2,13/04/23
12,item3,1,14/04/23
12,item3,2,15/04/23
12,item3,2,16/04/23
12,item3,2,17/04/23
12,item3,1,18/04/23
12,item3,1,19/04/23
12,item3,1,20/04/23
12,item3,2,21/04/23
12,item3,1,22/04/23
12,item3,2,23/04/23
12,item3,2,24/04/23
12,item3,2,25/04/23
12,item3,1,26/04/23
12,item3,2,27/04/23
12,item3,2,28/04/23
12,item3,1,29/04/23
12,item3,1,30/04/23
13,item3,1,01/04/23
13,item3,1,02/04/23
13,item3,2,03/04/23
13,item3,2,04/04/23
13,item3,1,05/04/23
13,item3,1,06/04/23
13,item3,2,07/04/23
13,item3,1,08/04/23
13,item3,2,09/04/23
13,item3,1,10/04/23
13,item3,2,11/04/23
13,item3,1,12/04/23
13,item3,1,13/04/23
13,item3,2,14/04/23
13,item3,2,15/04/23
13,item3,2,16/04/23
13,item3,1,17/04/23
13,item3,1,18/04/23
13,item3,2,19/04/23
13,item3,1,20/04/23
13,item3,2,21/04/23
13,item3,2,22/04/23
13,item3,2,23/04/23
13,item3,2,24/04/23
13,item3,2,25/04/23
13,item3,2,26/04/23
13,item3,1,27/04/23
13,item3,1,28/04/23
13,item3,2,29/04/23
13,item3,1,30/04/23
14,item3,2,01/04/23
14,item3,2,02/04/23
14,item3,2,03/04/23
14,item3,1,04/04/23
14,item3,1,05/04/23
14,item3,1,06/04/23
14,item3,1,07/04/23
14,item3,2,08/04/23
14,item3,2,09/04/23
14,item3,1,10/04/23
14,item3,1,11/04/23
14,item3,2,12/04/23
14,item3,2,13/04/23
14,item3,2,14/04/23
14,item3,1,15/04/23
14,item3,2,16/04/23
14,item3,2,17/04/23
14,item3,2,18/04/23
14,item3,1,19/04/23
14,item3,2,20/04/23
14,item3,2,21/04/23
14,item3,2,22/04/23
14,item3,2,23/04/23
14,item3,2,24/04/23
14,item3,2,25/04/23
14,item3,1,26/04/23
14,item3,2,27/04/23
14,item3,1,28/04/23
14,item3,1,29/04/23
14,item3,2,30/04/23
15,item3,1,01/04/23
15,item3,1,02/04/23
15,item3,1,03/04/23
15,item3,1,04/04/23
15,item3,2,05/04/23
15,item3,2,06/04/23
15,item3,2,07/04/23
15,item3,1,08/04/23
15,item3,1,09/04/23
15,item3,2,10/04/23
15,item3,1,11/04/23
15,item3,1,12/04/23
15,item3,1,13/04/23
15,item3,1,14/04/23
15,item3,1,15/04/23
15,item3,1,16/04/23
15,item3,2,17/04/23
15,item3,2,18/04/23
15,item3,1,19/04/23
15,item3,1,20/04/23
15,item3,1,21/04/23
15,item3,2,22/04/23
15,item3,1,23/04/23
15,item3,2,24/04/23
15,item3,1,25/04/23
15,item3,1,26/04/23
15,item3,1,27/04/23
15,item3,1,28/04/23
15,item3,2,29/04/23
15,item3,1,30/04/23
16,item3,2,01/04/23
16,item3,1,02/04/23
16,item3,2,03/04/23
16,item3,2,04/04/23
16,item3,2,05/04/23
16,item3,1,06/04/23
16,item3,2,07/04/23
16,item3,2,08/04/23
16,item3,1,09/04/23
16,item3,1,10/04/23
16,item3,1,11/04/23
16,item3,2,12/04/23
16,item3,1,13/04/23
16,item3,1,14/04/23
16,item3,2,15/04/23
16,item3,1,16/04/23
16,item3,2,17/04/23
16,item3,2,18/04/23
16,item3,1,19/04/23
16,item3,2,20/04/23
16,item3,2,21/04/23
16,item3,1,22/04/23
16,item3,2,23/04/23
16,item3,2,24/04/23
16,item3,2,25/04/23
16,item3,2,26/04/23
16,item3,2,27/04/23
16,item3,2,28/04/23
16,item3,2,29/04/23
16,item3,2,30/04/23
17,item3,1,01/04/23
17,item3,2,02/04/23
17,item3,1,03/04/23
17,item3,2,04/04/23
17,item3,1,05/04/23
17,item3,2,06/04/23
17,item3,2,07/04/23
17,item3,1,08/04/23
17,item3,2,09/04/23
17,item3,2,10/04/23
17,item3,2,11/04/23
17,item3,2,12/04/23
17,item3,2,13/04/23
17,item3,1,14/04/23
17,item3,2,15/04/23
17,item3,1,16/04/23
17,item3,1,17/04/23
17,item3,1,18/04/23
17,item3,1,19/04/23
17,item3,2,20/04/23
17,item3,1,21/04/23
17,item3,2,22/04/23
17,item3,1,23/04/23
17,item3,2,24/04/23
17,item3,2,25/04/23
17,item3,1,26/04/23
17,item3,1,27/04/23
17,item3,2,28/04/23
17,item3,1,29/04/23
17,item3,2,30/04/23
18,item3,1,01/04/23
18,item3,1,02/04/23
18,item3,2,03/04/23
18,item3,2,04/04/23
18,item3,2,05/04/23
18,item3,2,06/04/23
18,item3,2,07/04/23
18,item3,1,08/04/23
18,item3,1,09/04/23
18,item3,2,10/04/23
18,item3,2,11/04/23
18,item3,2,12/04/23
18,item3,2,13/04/23
18,item3,2,14/04/23
18,item3,1,15/04/23
18,item3,1,16/04/23
18,item3,1,17/04/23
18,item3,1,18/04/23
18,item3,1,19/04/23
18,item3,1,20/04/23
18,item3,1,21/04/23
18,item3,1,22/04/23
18,item3,2,23/04/23
18,item3,2,24/04/23
18,item3,1,25/04/23
18,item3,2,26/04/23
18,item3,2,27/04/23
18,item3,1,28/04/23
18,item3,1,29/04/23
18,item3,2,30/04/23
19,item3,1,01/04/23
19,item3,2,02/04/23
19,item3,1,03/04/23
19,item3,2,04/04/23
19,item3,1,05/04/23
19,item3,2,06/04/23
19,item3,2,07/04/23
19,item3,2,08/04/23
19,item3,1,09/04/23
19,item3,1,10/04/23
19,item3,1,11/04/23
19,item3,2,12/04/23
19,item3,1,13/04/23
19,item3,2,14/04/23
19,item3,1,15/04/23
19,item3,1,16/04/23
19,item3,1,17/04/23
19,item3,2,18/04/23
19,item3,2,19/04/23
19,item3,2,20/04/23
19,item3,1,21/04/23
19,item3,2,22/04/23
19,item3,2,23/04/23
19,item3,2,24/04/23
19,item3,2,25/04/23
19,item3,1,26/04/23
19,item3,1,27/04/23
19,item3,2,28/04/23
19,item3,1,29/04/23
19,item3,1,30/04/23
20,item3,1,01/04/23
20,item3,1,02/04/23
20,item3,2,03/04/23
20,item3,1,04/04/23
20,item3,1,05/04/23
20,item3,1,06/04/23
20,item3,1,07/04/23
20,item3,2,08/04/23
20,item3,1,09/04/23
20,item3,2,10/04/23
20,item3,2,11/04/23
20,item3,2,12/04/23
20,item3,2,13/04/23
20,item3,2,14/04/23
20,item3,2,15/04/23
20,item3,2,16/04/23
20,item3,1,17/04/23
20,item3,1,18/04/23
20,item3,1,19/04/23
20,item3,2,20/04/23
20,item3,1,21/04/23
20,item3,1,22/04/23
20,item3,1,23/04/23
20,item3,2,24/04/23
20,item3,2,25/04/23
20,item3,1,26/04/23
20,item3,2,27/04/23
20,item3,2,28/04/23
20,item3,1,29/04/23
20,item3,1,30/04/23
21,item3,2,01/04/23
21,item3,2,02/04/23
21,item3,1,03/04/23
21,item3,1,04/04/23
21,item3,1,05/04/23
21,item3,2,06/04/23
21,item3,2,07/04/23
21,item3,1,08/04/23
21,item3,2,09/04/23
21,item3,2,10/04/23
21,item3,1,11/04/23
21,item3,1,12/04/23
21,item3,2,13/04/23
21,item3,1,14/04/23
21,item3,1,15/04/23
21,item3,2,16/04/23
21,item3,2,17/04/23
21,item3,2,18/04/23
21,item3,1,19/04/23
21,item3,2,20/04/23
21,item3,2,21/04/23
21,item3,2,22/04/23
21,item3,2,23/04/23
21,item3,1,24/04/23
21,item3,2,25/04/23
21,item3,2,26/04/23
21,item3,1,27/04/23
21,item3,2,28/04/23
21,item3,2,29/04/23
21,item3,2,30/04/23
22,item3,2,01/04/23
22,item3,1,02/04/23
22,item3,1,03/04/23
22,item3,2,04/04/23
22,item3,2,05/04/23
22,item3,2,06/04/23
22,item3,2,07/04/23
22,item3,1,08/04/23
22,item3,2,09/04/23
22,item3,1,10/04/23
22,item3,1,11/04/23
22,item3,1,12/04/23
22,item3,2,13/04/23
22,item3,2,14/04/23
22,item3,1,15/04/23
22,item3,1,16/04/23
22,item3,1,17/04/23
22,item3,2,18/04/23
22,item3,1,19/04/23
22,item3,1,20/04/23
22,item3,1,21/04/23
22,item3,2,22/04/23
22,item3,1,23/04/23
22,item3,2,24/04/23
22,item3,2,25/04/23
22,item3,2,26/04/23
22,item3,2,27/04/23
22,item3,2,28/04/23
22,item3,2,29/04/23
22,item3,1,30/04/23
1,item4,2,01/04/23
1,item4,2,02/04/23
1,item4,2,03/04/23
1,item4,1,04/04/23
1,item4,2,05/04/23
1,item4,2,06/04/23
1,item4,1,07/04/23
1,item4,1,08/04/23
1,item4,2,09/04/23
1,item4,1,10/04/23
1,item4,2,11/04/23
1,item4,2,12/04/23
1,item4,1,13/04/23
1,item4,2,14/04/23
1,item4,2,15/04/23
1,item4,2,16/04/23
1,item4,1,17/04/23
1,item4,1,18/04/23
1,item4,2,19/04/23
1,item4,2,20/04/23
1,item4,2,21/04/23
1,item4,1,22/04/23
1,item4,1,23/04/23
1,item4,1,24/04/23
1,item4,2,25/04/23
1,item4,2,26/04/23
1,item4,1,27/04/23
1,item4,1,28/04/23
1,item4,2,29/04/23
1,item4,1,30/04/23
2,item4,2,01/04/23
2,item4,1,02/04/23
2,item4,2,03/04/23
2,item4,2,04/04/23
2,item4,2,05/04/23
2,item4,1,06/04/23
2,item4,1,07/04/23
2,item4,1,08/04/23
2,item4,1,09/04/23
2,item4,2,10/04/23
2,item4,2,11/04/23
2,item4,1,12/04/23
2,item4,2,13/04/23
2,item4,1,14/04/23
2,item4,1,15/04/23
2,item4,2,16/04/23
2,item4,2,17/04/23
2,item4,1,18/04/23
2,item4,2,19/04/23
2,item4,2,20/04/23
2,item4,2,21/04/23
2,item4,1,22/04/23
2,item4,2,23/04/23
2,item4,2,24/04/23
2,item4,2,25/04/23
2,item4,1,26/04/23
2,item4,2,27/04/23
2,item4,1,28/04/23
2,item4,1,29/04/23
2,item4,2,30/04/23
3,item4,2,01/04/23
3,item4,2,02/04/23
3,item4,2,03/04/23
3,item4,2,04/04/23
3,item4,2,05/04/23
3,item4,2,06/04/23
3,item4,2,07/04/23
3,item4,2,08/04/23
3,item4,1,09/04/23
3,item4,1,10/04/23
3,item4,2,11/04/23
3,item4,1,12/04/23
3,item4,2,13/04/23
3,item4,2,14/04/23
3,item4,1,15/04/23
3,item4,1,16/04/23
3,item4,2,17/04/23
3,item4,1,18/04/23
3,item4,1,19/04/23
3,item4,2,20/04/23
3,item4,2,21/04/23
3,item4,2,22/04/23
3,item4,1,23/04/23
3,item4,2,24/04/23
3,item4,1,25/04/23
3,item4,1,26/04/23
3,item4,1,27/04/23
3,item4,2,28/04/23
3,item4,2,29/04/23
3,item4,2,30/04/23
4,item4,2,01/04/23
4,item4,1,02/04/23
4,item4,1,03/04/23
4,item4,2,04/04/23
4,item4,1,05/04/23
4,item4,1,06/04/23
4,item4,2,07/04/23
4,item4,1,08/04/23
4,item4,1,09/04/23
4,item4,2,10/04/23
4,item4,1,11/04/23
4,item4,2,12/04/23
4,item4,1,13/04/23
4,item4,2,14/04/23
4,item4,1,15/04/23
4,item4,1,16/04/23
4,item4,2,17/04/23
4,item4,1,18/04/23
4,item4,2,19/04/23
4,item4,2,20/04/23
4,item4,1,21/04/23
4,item4,1,22/04/23
4,item4,2,23/04/23
4,item4,1,24/04/23
4,item4,2,25/04/23
4,item4,2,26/04/23
4,item4,1,27/04/23
4,item4,1,28/04/23
4,item4,2,29/04/23
4,item4,2,30/04/23
5,item4,2,01/04/23
5,item4,1,02/04/23
5,item4,1,03/04/23
5,item4,1,04/04/23
5,item4,2,05/04/23
5,item4,2,06/04/23
5,item4,2,07/04/23
5,item4,1,08/04/23
5,item4,1,09/04/23
5,item4,2,10/04/23
5,item4,2,11/04/23
5,item4,1,12/04/23
5,item4,2,13/04/23
5,item4,2,14/04/23
5,item4,2,15/04/23
5,item4,1,16/04/23
5,item4,1,17/04/23
5,item4,2,18/04/23
5,item4,1,19/04/23
5,item4,2,20/04/23
5,item4,2,21/04/23
5,item4,2,22/04/23
5,item4,1,23/04/23
5,item4,1,24/04/23
5,item4,1,25/04/23
5,item4,1,26/04/23
5,item4,1,27/04/23
5,item4,1,28/04/23
5,item4,1,29/04/23
5,item4,2,30/04/23
6,item4,1,01/04/23
6,item4,1,02/04/23
6,item4,2,03/04/23
6,item4,2,04/04/23
6,item4,2,05/04/23
6,item4,2,06/04/23
6,item4,1,07/04/23
6,item4,2,08/04/23
6,item4,1,09/04/23
6,item4,1,10/04/23
6,item4,1,11/04/23
6,item4,2,12/04/23
6,item4,2,13/04/23
6,item4,1,14/04/23
6,item4,2,15/04/23
6,item4,2,16/04/23
6,item4,1,17/04/23
6,item4,1,18/04/23
6,item4,1,19/04/23
6,item4,1,20/04/23
6,item4,2,21/04/23
6,item4,1,22/04/23
6,item4,2,23/04/23
6,item4,1,24/04/23
6,item4,1,25/04/23
6,item4,1,26/04/23
6,item4,2,27/04/23
6,item4,1,28/04/23
6,item4,2,29/04/23
6,item4,1,30/04/23
7,item4,1,01/04/23
7,item4,2,02/04/23
7,item4,2,03/04/23
7,item4,1,04/04/23
7,item4,2,05/04/23
7,item4,1,06/04/23
7,item4,2,07/04/23
7,item4,2,08/04/23
7,item4,1,09/04/23
7,item4,1,10/04/23
7,item4,2,11/04/23
7,item4,1,12/04/23
7,item4,1,13/04/23
7,item4,1,14/04/23
7,item4,1,15/04/23
7,item4,1,16/04/23
7,item4,1,17/04/23
7,item4,1,18/04/23
7,item4,1,19/04/23
7,item4,1,20/04/23
7,item4,1,21/04/23
7,item4,2,22/04/23
7,item4,2,23/04/23
7,item4,2,24/04/23
7,item4,1,25/04/23
7,item4,2,26/04/23
7,item4,2,27/04/23
7,item4,1,28/04/23
7,item4,1,29/04/23
7,item4,1,30/04/23
8,item4,1,01/04/23
8,item4,1,02/04/23
8,item4,2,03/04/23
8,item4,1,04/04/23
8,item4,2,05/04/23
8,item4,1,06/04/23
8,item4,2,07/04/23
8,item4,2,08/04/23
8,item4,1,09/04/23
8,item4,1,10/04/23
8,item4,2,11/04/23
8,item4,1,12/04/23
8,item4,2,13/04/23
8,item4,2,14/04/23
8,item4,1,15/04/23
8,item4,1,16/04/23
8,item4,1,17/04/23
8,item4,1,18/04/23
8,item4,1,19/04/23
8,item4,2,20/04/23
8,item4,2,21/04/23
8,item4,1,22/04/23
8,item4,1,23/04/23
8,item4,2,24/04/23
8,item4,2,25/04/23
8,item4,2,26/04/23
8,item4,2,27/04/23
8,item4,2,28/04/23
8,item4,1,29/04/23
8,item4,1,30/04/23
9,item4,2,01/04/23
9,item4,2,02/04/23
9,item4,1,03/04/23
9,item4,1,04/04/23
9,item4,1,05/04/23
9,item4,2,06/04/23
9,item4,2,07/04/23
9,item4,1,08/04/23
9,item4,2,09/04/23
9,item4,1,10/04/23
9,item4,1,11/04/23
9,item4,1,12/04/23
9,item4,2,13/04/23
9,item4,2,14/04/23
9,item4,2,15/04/23
9,item4,1,16/04/23
9,item4,2,17/04/23
9,item4,2,18/04/23
9,item4,2,19/04/23
9,item4,2,20/04/23
9,item4,1,21/04/23
9,item4,1,22/04/23
9,item4,2,23/04/23
9,item4,2,24/04/23
9,item4,1,25/04/23
9,item4,1,26/04/23
9,item4,2,27/04/23
9,item4,1,28/04/23
9,item4,2,29/04/23
9,item4,1,30/04/23
10,item4,2,01/04/23
10,item4,2,02/04/23
10,item4,1,03/04/23
10,item4,1,04/04/23
10,item4,1,05/04/23
10,item4,2,06/04/23
10,item4,2,07/04/23
10,item4,1,08/04/23
10,item4,2,09/04/23
10,item4,1,10/04/23
10,item4,2,11/04/23
10,item4,1,12/04/23
10,item4,1,13/04/23
10,item4,2,14/04/23
10,item4,2,15/04/23
10,item4,2,16/04/23
10,item4,1,17/04/23
10,item4,1,18/04/23
10,item4,2,19/04/23
10,item4,2,20/04/23
10,item4,1,21/04/23
10,item4,1,22/04/23
10,item4,2,23/04/23
10,item4,1,24/04/23
10,item4,2,25/04/23
10,item4,2,26/04/23
10,item4,1,27/04/23
10,item4,1,28/04/23
10,item4,1,29/04/23
10,item4,1,30/04/23
11,item4,2,01/04/23
11,item4,2,02/04/23
11,item4,2,03/04/23
11,item4,2,04/04/23
11,item4,2,05/04/23
11,item4,1,06/04/23
11,item4,1,07/04/23
11,item4,1,08/04/23
11,item4,1,09/04/23
11,item4,2,10/04/23
11,item4,1,11/04/23
11,item4,1,12/04/23
11,item4,2,13/04/23
11,item4,2,14/04/23
11,item4,2,15/04/23
11,item4,1,16/04/23
11,item4,1,17/04/23
11,item4,1,18/04/23
11,item4,2,19/04/23
11,item4,1,20/04/23
11,item4,2,21/04/23
11,item4,1,22/04/23
11,item4,1,23/04/23
11,item4,1,24/04/23
11,item4,1,25/04/23
11,item4,1,26/04/23
11,item4,2,27/04/23
11,item4,2,28/04/23
11,item4,2,29/04/23
11,item4,1,30/04/23
12,item4,1,01/04/23
12,item4,1,02/04/23
12,item4,1,03/04/23
12,item4,2,04/04/23
12,item4,1,05/04/23
12,item4,2,06/04/23
12,item4,1,07/04/23
12,item4,2,08/04/23
12,item4,1,09/04/23
12,item4,2,10/04/23
12,item4,2,11/04/23
12,item4,2,12/04/23
12,item4,1,13/04/23
12,item4,1,14/04/23
12,item4,2,15/04/23
12,item4,1,16/04/23
12,item4,1,17/04/23
12,item4,2,18/04/23
12,item4,2,19/04/23
12,item4,2,20/04/23
12,item4,2,21/04/23
12,item4,2,22/04/23
12,item4,1,23/04/23
12,item4,1,24/04/23
12,item4,2,25/04/23
12,item4,1,26/04/23
12,item4,2,27/04/23
12,item4,2,28/04/23
12,item4,2,29/04/23
12,item4,2,30/04/23
13,item4,2,01/04/23
13,item4,2,02/04/23
13,item4,2,03/04/23
13,item4,1,04/04/23
13,item4,1,05/04/23
13,item4,2,06/04/23
13,item4,2,07/04/23
13,item4,1,08/04/23
13,item4,1,09/04/23
13,item4,1,10/04/23
13,item4,2,11/04/23
13,item4,1,12/04/23
13,item4,1,13/04/23
13,item4,2,14/04/23
13,item4,1,15/04/23
13,item4,2,16/04/23
13,item4,2,17/04/23
13,item4,1,18/04/23
13,item4,2,19/04/23
13,item4,2,20/04/23
13,item4,2,21/04/23
13,item4,2,22/04/23
13,item4,2,23/04/23
13,item4,2,24/04/23
13,item4,2,25/04/23
13,item4,1,26/04/23
13,item4,2,27/04/23
13,item4,1,28/04/23
13,item4,1,29/04/23
13,item4,1,30/04/23
14,item4,2,01/04/23
14,item4,1,02/04/23
14,item4,1,03/04/23
14,item4,1,04/04/23
14,item4,1,05/04/23
14,item4,1,06/04/23
14,item4,2,07/04/23
14,item4,1,08/04/23
14,item4,1,09/04/23
14,item4,1,10/04/23
14,item4,1,11/04/23
14,item4,2,12/04/23
14,item4,1,13/04/23
14,item4,1,14/04/23
14,item4,2,15/04/23
14,item4,2,16/04/23
14,item4,1,17/04/23
14,item4,1,18/04/23
14,item4,1,19/04/23
14,item4,1,20/04/23
14,item4,2,21/04/23
14,item4,2,22/04/23
14,item4,1,23/04/23
14,item4,2,24/04/23
14,item4,2,25/04/23
14,item4,2,26/04/23
14,item4,2,27/04/23
14,item4,1,28/04/23
14,item4,2,29/04/23
14,item4,2,30/04/23
15,item4,1,01/04/23
15,item4,1,02/04/23
15,item4,1,03/04/23
15,item4,1,04/04/23
15,item4,1,05/04/23
15,item4,1,06/04/23
15,item4,1,07/04/23
15,item4,2,08/04/23
15,item4,2,09/04/23
15,item4,1,10/04/23
15,item4,2,11/04/23
15,item4,2,12/04/23
15,item4,2,13/04/23
15,item4,1,14/04/23
15,item4,2,15/04/23
15,item4,1,16/04/23
15,item4,1,17/04/23
15,item4,1,18/04/23
15,item4,1,19/04/23
15,item4,1,20/04/23
15,item4,1,21/04/23
15,item4,2,22/04/23
15,item4,2,23/04/23
15,item4,1,24/04/23
15,item4,1,25/04/23
15,item4,2,26/04/23
15,item4,1,27/04/23
15,item4,2,28/04/23
15,item4,1,29/04/23
15,item4,2,30/04/23
16,item4,1,01/04/23
16,item4,1,02/04/23
16,item4,1,03/04/23
16,item4,1,04/04/23
16,item4,2,05/04/23
16,item4,1,06/04/23
16,item4,1,07/04/23
16,item4,2,08/04/23
16,item4,1,09/04/23
16,item4,2,10/04/23
16,item4,1,11/04/23
16,item4,1,12/04/23
16,item4,2,13/04/23
16,item4,1,14/04/23
16,item4,2,15/04/23
16,item4,2,16/04/23
16,item4,2,17/04/23
16,item4,1,18/04/23
16,item4,1,19/04/23
16,item4,2,20/04/23
16,item4,1,21/04/23
16,item4,2,22/04/23
16,item4,2,23/04/23
16,item4,2,24/04/23
16,item4,2,25/04/23
16,item4,2,26/04/23
16,item4,1,27/04/23
16,item4,1,28/04/23
16,item4,2,29/04/23
16,item4,1,30/04/23
17,item4,2,01/04/23
17,item4,2,02/04/23
17,item4,1,03/04/23
17,item4,1,04/04/23
17,item4,2,05/04/23
17,item4,1,06/04/23
17,item4,1,07/04/23
17,item4,1,08/04/23
17,item4,2,09/04/23
17,item4,1,10/04/23
17,item4,1,11/04/23
17,item4,2,12/04/23
17,item4,1,13/04/23
17,item4,2,14/04/23
17,item4,2,15/04/23
17,item4,2,16/04/23
17,item4,2,17/04/23
17,item4,2,18/04/23
17,item4,1,19/04/23
17,item4,1,20/04/23
17,item4,2,21/04/23
17,item4,1,22/04/23
17,item4,2,23/04/23
17,item4,1,24/04/23
17,item4,2,25/04/23
17,item4,1,26/04/23
17,item4,2,27/04/23
17,item4,2,28/04/23
17,item4,1,29/04/23
17,item4,1,30/04/23
18,item4,1,01/04/23
18,item4,1,02/04/23
18,item4,1,03/04/23
18,item4,1,04/04/23
18,item4,1,05/04/23
18,item4,2,06/04/23
18,item4,2,07/04/23
18,item4,2,08/04/23
18,item4,2,09/04/23
18,item4,1,10/04/23
18,item4,2,11/04/23
18,item4,2,12/04/23
18,item4,1,13/04/23
18,item4,2,14/04/23
18,item4,2,15/04/23
18,item4,1,16/04/23
18,item4,2,17/04/23
18,item4,2,18/04/23
18,item4,1,19/04/23
18,item4,1,20/04/23
18,item4,2,21/04/23
18,item4,2,22/04/23
18,item4,2,23/04/23
18,item4,2,24/04/23
18,item4,2,25/04/23
18,item4,1,26/04/23
18,item4,2,27/04/23
18,item4,2,28/04/23
18,item4,2,29/04/23
18,item4,1,30/04/23
19,item4,2,01/04/23
19,item4,1,02/04/23
19,item4,2,03/04/23
19,item4,2,04/04/23
19,item4,2,05/04/23
19,item4,1,06/04/23
19,item4,2,07/04/23
19,item4,1,08/04/23
19,item4,2,09/04/23
19,item4,2,10/04/23
19,item4,1,11/04/23
19,item4,2,12/04/23
19,item4,2,13/04/23
19,item4,2,14/04/23
19,item4,2,15/04/23
19,item4,1,16/04/23
19,item4,1,17/04/23
19,item4,2,18/04/23
19,item4,2,19/04/23
19,item4,2,20/04/23
19,item4,2,21/04/23
19,item4,2,22/04/23
19,item4,2,23/04/23
19,item4,2,24/04/23
19,item4,2,25/04/23
19,item4,1,26/04/23
19,item4,1,27/04/23
19,item4,1,28/04/23
19,item4,2,29/04/23
19,item4,2,30/04/23
20,item4,1,01/04/23
20,item4,2,02/04/23
20,item4,1,03/04/23
20,item4,1,04/04/23
20,item4,2,05/04/23
20,item4,2,06/04/23
20,item4,2,07/04/23
20,item4,2,08/04/23
20,item4,1,09/04/23
20,item4,1,10/04/23
20,item4,2,11/04/23
20,item4,2,12/04/23
20,item4,2,13/04/23
20,item4,2,14/04/23
20,item4,2,15/04/23
20,item4,2,16/04/23
20,item4,1,17/04/23
20,item4,2,18/04/23
20,item4,1,19/04/23
20,item4,2,20/04/23
20,item4,2,21/04/23
20,item4,2,22/04/23
20,item4,2,23/04/23
20,item4,2,24/04/23
20,item4,1,25/04/23
20,item4,1,26/04/23
20,item4,1,27/04/23
20,item4,1,28/04/23
20,item4,2,29/04/23
20,item4,2,30/04/23
21,item4,1,01/04/23
21,item4,2,02/04/23
21,item4,2,03/04/23
21,item4,1,04/04/23
21,item4,2,05/04/23
21,item4,1,06/04/23
21,item4,1,07/04/23
21,item4,2,08/04/23
21,item4,2,09/04/23
21,item4,2,10/04/23
21,item4,2,11/04/23
21,item4,1,12/04/23
21,item4,2,13/04/23
21,item4,2,14/04/23
21,item4,1,15/04/23
21,item4,1,16/04/23
21,item4,2,17/04/23
21,item4,1,18/04/23
21,item4,1,19/04/23
21,item4,2,20/04/23
21,item4,2,21/04/23
21,item4,1,22/04/23
21,item4,2,23/04/23
21,item4,2,24/04/23
21,item4,1,25/04/23
21,item4,1,26/04/23
21,item4,2,27/04/23
21,item4,2,28/04/23
21,item4,2,29/04/23
21,item4,2,30/04/23
22,item4,1,01/04/23
22,item4,1,02/04/23
22,item4,2,03/04/23
22,item4,2,04/04/23
22,item4,2,05/04/23
22,item4,2,06/04/23
22,item4,1,07/04/23
22,item4,1,08/04/23
22,item4,1,09/04/23
22,item4,1,10/04/23
22,item4,1,11/04/23
22,item4,1,12/04/23
22,item4,2,13/04/23
22,item4,1,14/04/23
22,item4,2,15/04/23
22,item4,2,16/04/23
22,item4,1,17/04/23
22,item4,2,18/04/23
22,item4,2,19/04/23
22,item4,1,20/04/23
22,item4,2,21/04/23
22,item4,1,22/04/23
22,item4,1,23/04/23
22,item4,2,24/04/23
22,item4,2,25/04/23
22,item4,1,26/04/23
22,item4,2,27/04/23
22,item4,2,28/04/23
22,item4,1,29/04/23
22,item4,2,30/04/23
1,item5,1,01/04/23
1,item5,2,02/04/23
1,item5,1,03/04/23
1,item5,1,04/04/23
1,item5,1,05/04/23
1,item5,1,06/04/23
1,item5,2,07/04/23
1,item5,1,08/04/23
1,item5,2,09/04/23
1,item5,2,10/04/23
1,item5,2,11/04/23
1,item5,2,12/04/23
1,item5,2,13/04/23
1,item5,2,14/04/23
1,item5,1,15/04/23
1,item5,1,16/04/23
1,item5,1,17/04/23
1,item5,1,18/04/23
1,item5,1,19/04/23
1,item5,1,20/04/23
1,item5,1,21/04/23
1,item5,1,22/04/23
1,item5,1,23/04/23
1,item5,2,24/04/23
1,item5,1,25/04/23
1,item5,2,26/04/23
1,item5,1,27/04/23
1,item5,1,28/04/23
1,item5,1,29/04/23
1,item5,2,30/04/23
2,item5,1,01/04/23
2,item5,1,02/04/23
2,item5,1,03/04/23
2,item5,2,04/04/23
2,item5,2,05/04/23
2,item5,1,06/04/23
2,item5,2,07/04/23
2,item5,1,08/04/23
2,item5,1,09/04/23
2,item5,2,10/04/23
2,item5,1,11/04/23
2,item5,1,12/04/23
2,item5,2,13/04/23
2,item5,1,14/04/23
2,item5,1,15/04/23
2,item5,2,16/04/23
2,item5,1,17/04/23
2,item5,1,18/04/23
2,item5,1,19/04/23
2,item5,2,20/04/23
2,item5,1,21/04/23
2,item5,1,22/04/23
2,item5,2,23/04/23
2,item5,1,24/04/23
2,item5,2,25/04/23
2,item5,2,26/04/23
2,item5,2,27/04/23
2,item5,2,28/04/23
2,item5,2,29/04/23
2,item5,2,30/04/23
3,item5,1,01/04/23
3,item5,2,02/04/23
3,item5,1,03/04/23
3,item5,1,04/04/23
3,item5,2,05/04/23
3,item5,1,06/04/23
3,item5,1,07/04/23
3,item5,2,08/04/23
3,item5,1,09/04/23
3,item5,1,10/04/23
3,item5,1,11/04/23
3,item5,2,12/04/23
3,item5,1,13/04/23
3,item5,2,14/04/23
3,item5,2,15/04/23
3,item5,1,16/04/23
3,item5,1,17/04/23
3,item5,1,18/04/23
3,item5,2,19/04/23
3,item5,1,20/04/23
3,item5,1,21/04/23
3,item5,1,22/04/23
3,item5,2,23/04/23
3,item5,2,24/04/23
3,item5,2,25/04/23
3,item5,1,26/04/23
3,item5,2,27/04/23
3,item5,1,28/04/23
3,item5,2,29/04/23
3,item5,2,30/04/23
4,item5,1,01/04/23
4,item5,2,02/04/23
4,item5,1,03/04/23
4,item5,1,04/04/23
4,item5,1,05/04/23
4,item5,1,06/04/23
4,item5,1,07/04/23
4,item5,1,08/04/23
4,item5,1,09/04/23
4,item5,2,10/04/23
4,item5,1,11/04/23
4,item5,1,12/04/23
4,item5,2,13/04/23
4,item5,1,14/04/23
4,item5,1,15/04/23
4,item5,1,16/04/23
4,item5,1,17/04/23
4,item5,2,18/04/23
4,item5,2,19/04/23
4,item5,1,20/04/23
4,item5,2,21/04/23
4,item5,2,22/04/23
4,item5,2,23/04/23
4,item5,1,24/04/23
4,item5,1,25/04/23
4,item5,1,26/04/23
4,item5,1,27/04/23
4,item5,2,28/04/23
4,item5,1,29/04/23
4,item5,1,30/04/23
5,item5,1,01/04/23
5,item5,1,02/04/23
5,item5,1,03/04/23
5,item5,2,04/04/23
5,item5,1,05/04/23
5,item5,1,06/04/23
5,item5,2,07/04/23
5,item5,2,08/04/23
5,item5,1,09/04/23
5,item5,1,10/04/23
5,item5,1,11/04/23
5,item5,1,12/04/23
5,item5,2,13/04/23
5,item5,1,14/04/23
5,item5,1,15/04/23
5,item5,2,16/04/23
5,item5,1,17/04/23
5,item5,2,18/04/23
5,item5,2,19/04/23
5,item5,2,20/04/23
5,item5,1,21/04/23
5,item5,2,22/04/23
5,item5,2,23/04/23
5,item5,1,24/04/23
5,item5,2,25/04/23
5,item5,1,26/04/23
5,item5,1,27/04/23
5,item5,2,28/04/23
5,item5,2,29/04/23
5,item5,1,30/04/23
6,item5,1,01/04/23
6,item5,2,02/04/23
6,item5,2,03/04/23
6,item5,2,04/04/23
6,item5,1,05/04/23
6,item5,1,06/04/23
6,item5,1,07/04/23
6,item5,1,08/04/23
6,item5,1,09/04/23
6,item5,1,10/04/23
6,item5,1,11/04/23
6,item5,2,12/04/23
6,item5,1,13/04/23
6,item5,1,14/04/23
6,item5,2,15/04/23
6,item5,2,16/04/23
6,item5,2,17/04/23
6,item5,1,18/04/23
6,item5,1,19/04/23
6,item5,2,20/04/23
6,item5,1,21/04/23
6,item5,1,22/04/23
6,item5,2,23/04/23
6,item5,1,24/04/23
6,item5,1,25/04/23
6,item5,1,26/04/23
6,item5,2,27/04/23
6,item5,1,28/04/23
6,item5,2,29/04/23
6,item5,1,30/04/23
7,item5,2,01/04/23
7,item5,2,02/04/23
7,item5,2,03/04/23
7,item5,1,04/04/23
7,item5,1,05/04/23
7,item5,2,06/04/23
7,item5,1,07/04/23
7,item5,1,08/04/23
7,item5,1,09/04/23
7,item5,1,10/04/23
7,item5,1,11/04/23
7,item5,2,12/04/23
7,item5,1,13/04/23
7,item5,1,14/04/23
7,item5,2,15/04/23
7,item5,1,16/04/23
7,item5,2,17/04/23
7,item5,2,18/04/23
7,item5,1,19/04/23
7,item5,1,20/04/23
7,item5,2,21/04/23
7,item5,2,22/04/23
7,item5,2,23/04/23
7,item5,1,24/04/23
7,item5,2,25/04/23
7,item5,2,26/04/23
7,item5,2,27/04/23
7,item5,1,28/04/23
7,item5,2,29/04/23
7,item5,2,30/04/23
8,item5,1,01/04/23
8,item5,1,02/04/23
8,item5,1,03/04/23
8,item5,1,04/04/23
8,item5,1,05/04/23
8,item5,2,06/04/23
8,item5,2,07/04/23
8,item5,1,08/04/23
8,item5,2,09/04/23
8,item5,2,10/04/23
8,item5,1,11/04/23
8,item5,1,12/04/23
8,item5,1,13/04/23
8,item5,2,14/04/23
8,item5,2,15/04/23
8,item5,2,16/04/23
8,item5,2,17/04/23
8,item5,1,18/04/23
8,item5,2,19/04/23
8,item5,1,20/04/23
8,item5,2,21/04/23
8,item5,1,22/04/23
8,item5,1,23/04/23
8,item5,2,24/04/23
8,item5,1,25/04/23
8,item5,2,26/04/23
8,item5,2,27/04/23
8,item5,2,28/04/23
8,item5,1,29/04/23
8,item5,1,30/04/23
9,item5,1,01/04/23
9,item5,1,02/04/23
9,item5,2,03/04/23
9,item5,2,04/04/23
9,item5,1,05/04/23
9,item5,1,06/04/23
9,item5,2,07/04/23
9,item5,2,08/04/23
9,item5,2,09/04/23
9,item5,1,10/04/23
9,item5,2,11/04/23
9,item5,1,12/04/23
9,item5,1,13/04/23
9,item5,2,14/04/23
9,item5,1,15/04/23
9,item5,1,16/04/23
9,item5,2,17/04/23
9,item5,2,18/04/23
9,item5,2,19/04/23
9,item5,2,20/04/23
9,item5,2,21/04/23
9,item5,2,22/04/23
9,item5,2,23/04/23
9,item5,1,24/04/23
9,item5,1,25/04/23
9,item5,2,26/04/23
9,item5,2,27/04/23
9,item5,2,28/04/23
9,item5,2,29/04/23
9,item5,1,30/04/23
10,item5,1,01/04/23
10,item5,2,02/04/23
10,item5,2,03/04/23
10,item5,1,04/04/23
10,item5,2,05/04/23
10,item5,1,06/04/23
10,item5,1,07/04/23
10,item5,2,08/04/23
10,item5,1,09/04/23
10,item5,1,10/04/23
10,item5,1,11/04/23
10,item5,1,12/04/23
10,item5,1,13/04/23
10,item5,1,14/04/23
10,item5,1,15/04/23
10,item5,1,16/04/23
10,item5,2,17/04/23
10,item5,1,18/04/23
10,item5,2,19/04/23
10,item5,2,20/04/23
10,item5,2,21/04/23
10,item5,1,22/04/23
10,item5,2,23/04/23
10,item5,1,24/04/23
10,item5,1,25/04/23
10,item5,1,26/04/23
10,item5,2,27/04/23
10,item5,1,28/04/23
10,item5,2,29/04/23
10,item5,2,30/04/23
11,item5,2,01/04/23
11,item5,2,02/04/23
11,item5,2,03/04/23
11,item5,2,04/04/23
11,item5,2,05/04/23
11,item5,2,06/04/23
11,item5,1,07/04/23
11,item5,2,08/04/23
11,item5,2,09/04/23
11,item5,1,10/04/23
11,item5,2,11/04/23
11,item5,2,12/04/23
11,item5,1,13/04/23
11,item5,2,14/04/23
11,item5,2,15/04/23
11,item5,2,16/04/23
11,item5,2,17/04/23
11,item5,1,18/04/23
11,item5,2,19/04/23
11,item5,1,20/04/23
11,item5,1,21/04/23
11,item5,1,22/04/23
11,item5,2,23/04/23
11,item5,1,24/04/23
11,item5,1,25/04/23
11,item5,1,26/04/23
11,item5,2,27/04/23
11,item5,1,28/04/23
11,item5,1,29/04/23
11,item5,2,30/04/23
12,item5,2,01/04/23
12,item5,1,02/04/23
12,item5,2,03/04/23
12,item5,2,04/04/23
12,item5,1,05/04/23
12,item5,2,06/04/23
12,item5,2,07/04/23
12,item5,2,08/04/23
12,item5,2,09/04/23
12,item5,1,10/04/23
12,item5,1,11/04/23
12,item5,2,12/04/23
12,item5,2,13/04/23
12,item5,2,14/04/23
12,item5,1,15/04/23
12,item5,2,16/04/23
12,item5,2,17/04/23
12,item5,1,18/04/23
12,item5,2,19/04/23
12,item5,2,20/04/23
12,item5,2,21/04/23
12,item5,2,22/04/23
12,item5,2,23/04/23
12,item5,1,24/04/23
12,item5,2,25/04/23
12,item5,2,26/04/23
12,item5,2,27/04/23
12,item5,2,28/04/23
12,item5,1,29/04/23
12,item5,1,30/04/23
13,item5,2,01/04/23
13,item5,1,02/04/23
13,item5,2,03/04/23
13,item5,2,04/04/23
13,item5,1,05/04/23
13,item5,1,06/04/23
13,item5,2,07/04/23
13,item5,1,08/04/23
13,item5,1,09/04/23
13,item5,1,10/04/23
13,item5,1,11/04/23
13,item5,1,12/04/23
13,item5,2,13/04/23
13,item5,1,14/04/23
13,item5,1,15/04/23
13,item5,2,16/04/23
13,item5,2,17/04/23
13,item5,2,18/04/23
13,item5,2,19/04/23
13,item5,2,20/04/23
13,item5,1,21/04/23
13,item5,2,22/04/23
13,item5,1,23/04/23
13,item5,1,24/04/23
13,item5,1,25/04/23
13,item5,2,26/04/23
13,item5,1,27/04/23
13,item5,1,28/04/23
13,item5,2,29/04/23
13,item5,2,30/04/23
14,item5,1,01/04/23
14,item5,1,02/04/23
14,item5,2,03/04/23
14,item5,2,04/04/23
14,item5,2,05/04/23
14,item5,2,06/04/23
14,item5,1,07/04/23
14,item5,1,08/04/23
14,item5,1,09/04/23
14,item5,2,10/04/23
14,item5,1,11/04/23
14,item5,1,12/04/23
14,item5,1,13/04/23
14,item5,2,14/04/23
14,item5,1,15/04/23
14,item5,1,16/04/23
14,item5,1,17/04/23
14,item5,1,18/04/23
14,item5,2,19/04/23
14,item5,1,20/04/23
14,item5,1,21/04/23
14,item5,1,22/04/23
14,item5,2,23/04/23
14,item5,2,24/04/23
14,item5,2,25/04/23
14,item5,1,26/04/23
14,item5,1,27/04/23
14,item5,2,28/04/23
14,item5,1,29/04/23
14,item5,2,30/04/23
15,item5,1,01/04/23
15,item5,2,02/04/23
15,item5,2,03/04/23
15,item5,1,04/04/23
15,item5,2,05/04/23
15,item5,2,06/04/23
15,item5,2,07/04/23
15,item5,1,08/04/23
15,item5,2,09/04/23
15,item5,2,10/04/23
15,item5,2,11/04/23
15,item5,1,12/04/23
15,item5,1,13/04/23
15,item5,1,14/04/23
15,item5,1,15/04/23
15,item5,1,16/04/23
15,item5,2,17/04/23
15,item5,1,18/04/23
15,item5,1,19/04/23
15,item5,1,20/04/23
15,item5,2,21/04/23
15,item5,1,22/04/23
15,item5,1,23/04/23
15,item5,2,24/04/23
15,item5,1,25/04/23
15,item5,1,26/04/23
15,item5,2,27/04/23
15,item5,1,28/04/23
15,item5,1,29/04/23
15,item5,1,30/04/23
16,item5,1,01/04/23
16,item5,1,02/04/23
16,item5,2,03/04/23
16,item5,2,04/04/23
16,item5,2,05/04/23
16,item5,2,06/04/23
16,item5,2,07/04/23
16,item5,1,08/04/23
16,item5,2,09/04/23
16,item5,2,10/04/23
16,item5,1,11/04/23
16,item5,2,12/04/23
16,item5,1,13/04/23
16,item5,1,14/04/23
16,item5,2,15/04/23
16,item5,2,16/04/23
16,item5,1,17/04/23
16,item5,2,18/04/23
16,item5,1,19/04/23
16,item5,2,20/04/23
16,item5,1,21/04/23
16,item5,2,22/04/23
16,item5,1,23/04/23
16,item5,2,24/04/23
16,item5,1,25/04/23
16,item5,1,26/04/23
16,item5,2,27/04/23
16,item5,1,28/04/23
16,item5,2,29/04/23
16,item5,2,30/04/23
17,item5,1,01/04/23
17,item5,2,02/04/23
17,item5,1,03/04/23
17,item5,1,04/04/23
17,item5,2,05/04/23
17,item5,1,06/04/23
17,item5,2,07/04/23
17,item5,2,08/04/23
17,item5,2,09/04/23
17,item5,1,10/04/23
17,item5,2,11/04/23
17,item5,2,12/04/23
17,item5,2,13/04/23
17,item5,2,14/04/23
17,item5,2,15/04/23
17,item5,2,16/04/23
17,item5,1,17/04/23
17,item5,2,18/04/23
17,item5,2,19/04/23
17,item5,2,20/04/23
17,item5,2,21/04/23
17,item5,2,22/04/23
17,item5,2,23/04/23
17,item5,1,24/04/23
17,item5,1,25/04/23
17,item5,2,26/04/23
17,item5,2,27/04/23
17,item5,2,28/04/23
17,item5,1,29/04/23
17,item5,2,30/04/23
18,item5,2,01/04/23
18,item5,2,02/04/23
18,item5,1,03/04/23
18,item5,1,04/04/23
18,item5,2,05/04/23
18,item5,1,06/04/23
18,item5,2,07/04/23
18,item5,1,08/04/23
18,item5,2,09/04/23
18,item5,1,10/04/23
18,item5,1,11/04/23
18,item5,2,12/04/23
18,item5,2,13/04/23
18,item5,1,14/04/23
18,item5,2,15/04/23
18,item5,2,16/04/23
18,item5,1,17/04/23
18,item5,2,18/04/23
18,item5,2,19/04/23
18,item5,1,20/04/23
18,item5,1,21/04/23
18,item5,2,22/04/23
18,item5,2,23/04/23
18,item5,2,24/04/23
18,item5,1,25/04/23
18,item5,1,26/04/23
18,item5,1,27/04/23
18,item5,1,28/04/23
18,item5,1,29/04/23
18,item5,1,30/04/23
19,item5,2,01/04/23
19,item5,1,02/04/23
19,item5,2,03/04/23
19,item5,2,04/04/23
19,item5,1,05/04/23
19,item5,1,06/04/23
19,item5,1,07/04/23
19,item5,1,08/04/23
19,item5,2,09/04/23
19,item5,2,10/04/23
19,item5,2,11/04/23
19,item5,1,12/04/23
19,item5,2,13/04/23
19,item5,2,14/04/23
19,item5,1,15/04/23
19,item5,2,16/04/23
19,item5,2,17/04/23
19,item5,2,18/04/23
19,item5,1,19/04/23
19,item5,2,20/04/23
19,item5,1,21/04/23
19,item5,1,22/04/23
19,item5,2,23/04/23
19,item5,2,24/04/23
19,item5,2,25/04/23
19,item5,2,26/04/23
19,item5,2,27/04/23
19,item5,2,28/04/23
19,item5,2,29/04/23
19,item5,1,30/04/23
20,item5,1,01/04/23
20,item5,2,02/04/23
20,item5,1,03/04/23
20,item5,1,04/04/23
20,item5,1,05/04/23
20,item5,2,06/04/23
20,item5,1,07/04/23
20,item5,1,08/04/23
20,item5,2,09/04/23
20,item5,1,10/04/23
20,item5,2,11/04/23
20,item5,1,12/04/23
20,item5,2,13/04/23
20,item5,2,14/04/23
20,item5,1,15/04/23
20,item5,2,16/04/23
20,item5,1,17/04/23
20,item5,1,18/04/23
20,item5,2,19/04/23
20,item5,2,20/04/23
20,item5,2,21/04/23
20,item5,1,22/04/23
20,item5,1,23/04/23
20,item5,1,24/04/23
20,item5,2,25/04/23
20,item5,2,26/04/23
20,item5,2,27/04/23
20,item5,2,28/04/23
20,item5,1,29/04/23
20,item5,1,30/04/23
21,item5,1,01/04/23
21,item5,2,02/04/23
21,item5,1,03/04/23
21,item5,2,04/04/23
21,item5,1,05/04/23
21,item5,2,06/04/23
21,item5,2,07/04/23
21,item5,2,08/04/23
21,item5,2,09/04/23
21,item5,2,10/04/23
21,item5,1,11/04/23
21,item5,1,12/04/23
21,item5,2,13/04/23
21,item5,2,14/04/23
21,item5,2,15/04/23
21,item5,1,16/04/23
21,item5,2,17/04/23
21,item5,2,18/04/23
21,item5,2,19/04/23
21,item5,2,20/04/23
21,item5,1,21/04/23
21,item5,2,22/04/23
21,item5,1,23/04/23
21,item5,2,24/04/23
21,item5,1,25/04/23
21,item5,1,26/04/23
21,item5,2,27/04/23
21,item5,1,28/04/23
21,item5,1,29/04/23
21,item5,1,30/04/23
22,item5,2,01/04/23
22,item5,2,02/04/23
22,item5,1,03/04/23
22,item5,1,04/04/23
22,item5,2,05/04/23
22,item5,2,06/04/23
22,item5,2,07/04/23
22,item5,2,08/04/23
22,item5,1,09/04/23
22,item5,1,10/04/23
22,item5,2,11/04/23
22,item5,2,12/04/23
22,item5,2,13/04/23
22,item5,2,14/04/23
22,item5,2,15/04/23
22,item5,1,16/04/23
22,item5,2,17/04/23
22,item5,2,18/04/23
22,item5,1,19/04/23
22,item5,1,20/04/23
22,item5,2,21/04/23
22,item5,1,22/04/23
22,item5,2,23/04/23
22,item5,1,24/04/23
22,item5,1,25/04/23
22,item5,2,26/04/23
22,item5,2,27/04/23
22,item5,1,28/04/23
22,item5,1,29/04/23
22,item5,1,30/04/23
1,item6,1,01/04/23
1,item6,2,02/04/23
1,item6,1,03/04/23
1,item6,2,04/04/23
1,item6,2,05/04/23
1,item6,1,06/04/23
1,item6,1,07/04/23
1,item6,1,08/04/23
1,item6,1,09/04/23
1,item6,2,10/04/23
1,item6,1,11/04/23
1,item6,2,12/04/23
1,item6,1,13/04/23
1,item6,1,14/04/23
1,item6,1,15/04/23
1,item6,1,16/04/23
1,item6,1,17/04/23
1,item6,2,18/04/23
1,item6,1,19/04/23
1,item6,1,20/04/23
1,item6,2,21/04/23
1,item6,1,22/04/23
1,item6,2,23/04/23
1,item6,2,24/04/23
1,item6,1,25/04/23
1,item6,1,26/04/23
1,item6,2,27/04/23
1,item6,2,28/04/23
1,item6,2,29/04/23
1,item6,1,30/04/23
2,item6,2,01/04/23
2,item6,1,02/04/23
2,item6,1,03/04/23
2,item6,1,04/04/23
2,item6,1,05/04/23
2,item6,1,06/04/23
2,item6,2,07/04/23
2,item6,1,08/04/23
2,item6,2,09/04/23
2,item6,1,10/04/23
2,item6,1,11/04/23
2,item6,2,12/04/23
2,item6,2,13/04/23
2,item6,1,14/04/23
2,item6,1,15/04/23
2,item6,1,16/04/23
2,item6,1,17/04/23
2,item6,1,18/04/23
2,item6,1,19/04/23
2,item6,2,20/04/23
2,item6,1,21/04/23
2,item6,2,22/04/23
2,item6,1,23/04/23
2,item6,2,24/04/23
2,item6,2,25/04/23
2,item6,2,26/04/23
2,item6,1,27/04/23
2,item6,2,28/04/23
2,item6,2,29/04/23
2,item6,1,30/04/23
3,item6,2,01/04/23
3,item6,1,02/04/23
3,item6,1,03/04/23
3,item6,1,04/04/23
3,item6,2,05/04/23
3,item6,1,06/04/23
3,item6,1,07/04/23
3,item6,1,08/04/23
3,item6,1,09/04/23
3,item6,1,10/04/23
3,item6,1,11/04/23
3,item6,2,12/04/23
3,item6,1,13/04/23
3,item6,1,14/04/23
3,item6,1,15/04/23
3,item6,2,16/04/23
3,item6,2,17/04/23
3,item6,2,18/04/23
3,item6,2,19/04/23
3,item6,2,20/04/23
3,item6,1,21/04/23
3,item6,1,22/04/23
3,item6,2,23/04/23
3,item6,1,24/04/23
3,item6,2,25/04/23
3,item6,2,26/04/23
3,item6,2,27/04/23
3,item6,1,28/04/23
3,item6,1,29/04/23
3,item6,2,30/04/23
4,item6,1,01/04/23
4,item6,1,02/04/23
4,item6,2,03/04/23
4,item6,2,04/04/23
4,item6,2,05/04/23
4,item6,2,06/04/23
4,item6,2,07/04/23
4,item6,1,08/04/23
4,item6,2,09/04/23
4,item6,2,10/04/23
4,item6,1,11/04/23
4,item6,1,12/04/23
4,item6,1,13/04/23
4,item6,1,14/04/23
4,item6,1,15/04/23
4,item6,2,16/04/23
4,item6,2,17/04/23
4,item6,1,18/04/23
4,item6,2,19/04/23
4,item6,1,20/04/23
4,item6,2,21/04/23
4,item6,1,22/04/23
4,item6,2,23/04/23
4,item6,2,24/04/23
4,item6,2,25/04/23
4,item6,2,26/04/23
4,item6,1,27/04/23
4,item6,1,28/04/23
4,item6,2,29/04/23
4,item6,1,30/04/23
5,item6,2,01/04/23
5,item6,1,02/04/23
5,item6,1,03/04/23
5,item6,2,04/04/23
5,item6,1,05/04/23
5,item6,1,06/04/23
5,item6,2,07/04/23
5,item6,1,08/04/23
5,item6,2,09/04/23
5,item6,1,10/04/23
5,item6,2,11/04/23
5,item6,1,12/04/23
5,item6,1,13/04/23
5,item6,2,14/04/23
5,item6,2,15/04/23
5,item6,2,16/04/23
5,item6,2,17/04/23
5,item6,2,18/04/23
5,item6,2,19/04/23
5,item6,2,20/04/23
5,item6,2,21/04/23
5,item6,2,22/04/23
5,item6,2,23/04/23
5,item6,1,24/04/23
5,item6,2,25/04/23
5,item6,1,26/04/23
5,item6,1,27/04/23
5,item6,1,28/04/23
5,item6,2,29/04/23
5,item6,1,30/04/23
6,item6,2,01/04/23
6,item6,2,02/04/23
6,item6,2,03/04/23
6,item6,2,04/04/23
6,item6,2,05/04/23
6,item6,1,06/04/23
6,item6,2,07/04/23
6,item6,2,08/04/23
6,item6,1,09/04/23
6,item6,2,10/04/23
6,item6,2,11/04/23
6,item6,1,12/04/23
6,item6,1,13/04/23
6,item6,2,14/04/23
6,item6,2,15/04/23
6,item6,2,16/04/23
6,item6,2,17/04/23
6,item6,2,18/04/23
6,item6,1,19/04/23
6,item6,2,20/04/23
6,item6,1,21/04/23
6,item6,2,22/04/23
6,item6,2,23/04/23
6,item6,2,24/04/23
6,item6,1,25/04/23
6,item6,1,26/04/23
6,item6,2,27/04/23
6,item6,1,28/04/23
6,item6,2,29/04/23
6,item6,1,30/04/23
7,item6,1,01/04/23
7,item6,2,02/04/23
7,item6,1,03/04/23
7,item6,1,04/04/23
7,item6,2,05/04/23
7,item6,2,06/04/23
7,item6,1,07/04/23
7,item6,1,08/04/23
7,item6,2,09/04/23
7,item6,2,10/04/23
7,item6,2,11/04/23
7,item6,1,12/04/23
7,item6,2,13/04/23
7,item6,2,14/04/23
7,item6,1,15/04/23
7,item6,1,16/04/23
7,item6,2,17/04/23
7,item6,2,18/04/23
7,item6,2,19/04/23
7,item6,2,20/04/23
7,item6,2,21/04/23
7,item6,2,22/04/23
7,item6,1,23/04/23
7,item6,1,24/04/23
7,item6,2,25/04/23
7,item6,1,26/04/23
7,item6,1,27/04/23
7,item6,1,28/04/23
7,item6,1,29/04/23
7,item6,2,30/04/23
8,item6,1,01/04/23
8,item6,1,02/04/23
8,item6,2,03/04/23
8,item6,2,04/04/23
8,item6,1,05/04/23
8,item6,1,06/04/23
8,item6,1,07/04/23
8,item6,1,08/04/23
8,item6,1,09/04/23
8,item6,2,10/04/23
8,item6,1,11/04/23
8,item6,2,12/04/23
8,item6,2,13/04/23
8,item6,1,14/04/23
8,item6,1,15/04/23
8,item6,2,16/04/23
8,item6,2,17/04/23
8,item6,1,18/04/23
8,item6,1,19/04/23
8,item6,2,20/04/23
8,item6,2,21/04/23
8,item6,1,22/04/23
8,item6,2,23/04/23
8,item6,2,24/04/23
8,item6,2,25/04/23
8,item6,2,26/04/23
8,item6,2,27/04/23
8,item6,2,28/04/23
8,item6,1,29/04/23
8,item6,2,30/04/23
9,item6,2,01/04/23
9,item6,1,02/04/23
9,item6,2,03/04/23
9,item6,2,04/04/23
9,item6,2,05/04/23
9,item6,1,06/04/23
9,item6,2,07/04/23
9,item6,1,08/04/23
9,item6,1,09/04/23
9,item6,2,10/04/23
9,item6,2,11/04/23
9,item6,1,12/04/23
9,item6,1,13/04/23
9,item6,1,14/04/23
9,item6,2,15/04/23
9,item6,2,16/04/23
9,item6,2,17/04/23
9,item6,2,18/04/23
9,item6,1,19/04/23
9,item6,1,20/04/23
9,item6,2,21/04/23
9,item6,2,22/04/23
9,item6,1,23/04/23
9,item6,2,24/04/23
9,item6,2,25/04/23
9,item6,1,26/04/23
9,item6,1,27/04/23
9,item6,2,28/04/23
9,item6,1,29/04/23
9,item6,1,30/04/23
10,item6,1,01/04/23
10,item6,2,02/04/23
10,item6,2,03/04/23
10,item6,1,04/04/23
10,item6,2,05/04/23
10,item6,1,06/04/23
10,item6,1,07/04/23
10,item6,1,08/04/23
10,item6,2,09/04/23
10,item6,1,10/04/23
10,item6,2,11/04/23
10,item6,1,12/04/23
10,item6,2,13/04/23
10,item6,1,14/04/23
10,item6,2,15/04/23
10,item6,1,16/04/23
10,item6,2,17/04/23
10,item6,1,18/04/23
10,item6,2,19/04/23
10,item6,1,20/04/23
10,item6,1,21/04/23
10,item6,2,22/04/23
10,item6,2,23/04/23
10,item6,1,24/04/23
10,item6,1,25/04/23
10,item6,1,26/04/23
10,item6,2,27/04/23
10,item6,1,28/04/23
10,item6,2,29/04/23
10,item6,2,30/04/23
11,item6,1,01/04/23
11,item6,1,02/04/23
11,item6,1,03/04/23
11,item6,2,04/04/23
11,item6,1,05/04/23
11,item6,2,06/04/23
11,item6,1,07/04/23
11,item6,2,08/04/23
11,item6,1,09/04/23
11,item6,2,10/04/23
11,item6,1,11/04/23
11,item6,2,12/04/23
11,item6,1,13/04/23
11,item6,1,14/04/23
11,item6,1,15/04/23
11,item6,2,16/04/23
11,item6,2,17/04/23
11,item6,2,18/04/23
11,item6,1,19/04/23
11,item6,2,20/04/23
11,item6,2,21/04/23
11,item6,1,22/04/23
11,item6,2,23/04/23
11,item6,1,24/04/23
11,item6,2,25/04/23
11,item6,2,26/04/23
11,item6,2,27/04/23
11,item6,2,28/04/23
11,item6,2,29/04/23
11,item6,2,30/04/23
12,item6,1,01/04/23
12,item6,2,02/04/23
12,item6,2,03/04/23
12,item6,1,04/04/23
12,item6,2,05/04/23
12,item6,1,06/04/23
12,item6,2,07/04/23
12,item6,1,08/04/23
12,item6,1,09/04/23
12,item6,1,10/04/23
12,item6,1,11/04/23
12,item6,2,12/04/23
12,item6,1,13/04/23
12,item6,1,14/04/23
12,item6,1,15/04/23
12,item6,2,16/04/23
12,item6,2,17/04/23
12,item6,1,18/04/23
12,item6,1,19/04/23
12,item6,2,20/04/23
12,item6,1,21/04/23
12,item6,2,22/04/23
12,item6,2,23/04/23
12,item6,2,24/04/23
12,item6,2,25/04/23
12,item6,2,26/04/23
12,item6,1,27/04/23
12,item6,2,28/04/23
12,item6,2,29/04/23
12,item6,1,30/04/23
13,item6,1,01/04/23
13,item6,1,02/04/23
13,item6,2,03/04/23
13,item6,2,04/04/23
13,item6,1,05/04/23
13,item6,2,06/04/23
13,item6,1,07/04/23
13,item6,1,08/04/23
13,item6,1,09/04/23
13,item6,1,10/04/23
13,item6,2,11/04/23
13,item6,1,12/04/23
13,item6,1,13/04/23
13,item6,2,14/04/23
13,item6,2,15/04/23
13,item6,2,16/04/23
13,item6,1,17/04/23
13,item6,1,18/04/23
13,item6,2,19/04/23
13,item6,2,20/04/23
13,item6,2,21/04/23
13,item6,1,22/04/23
13,item6,1,23/04/23
13,item6,1,24/04/23
13,item6,1,25/04/23
13,item6,1,26/04/23
13,item6,1,27/04/23
13,item6,1,28/04/23
13,item6,2,29/04/23
13,item6,2,30/04/23
14,item6,2,01/04/23
14,item6,2,02/04/23
14,item6,1,03/04/23
14,item6,2,04/04/23
14,item6,1,05/04/23
14,item6,1,06/04/23
14,item6,2,07/04/23
14,item6,1,08/04/23
14,item6,1,09/04/23
14,item6,2,10/04/23
14,item6,2,11/04/23
14,item6,2,12/04/23
14,item6,2,13/04/23
14,item6,2,14/04/23
14,item6,2,15/04/23
14,item6,1,16/04/23
14,item6,2,17/04/23
14,item6,2,18/04/23
14,item6,2,19/04/23
14,item6,2,20/04/23
14,item6,2,21/04/23
14,item6,1,22/04/23
14,item6,2,23/04/23
14,item6,1,24/04/23
14,item6,2,25/04/23
14,item6,2,26/04/23
14,item6,2,27/04/23
14,item6,2,28/04/23
14,item6,1,29/04/23
14,item6,1,30/04/23
15,item6,1,01/04/23
15,item6,2,02/04/23
15,item6,2,03/04/23
15,item6,2,04/04/23
15,item6,2,05/04/23
15,item6,2,06/04/23
15,item6,1,07/04/23
15,item6,2,08/04/23
15,item6,2,09/04/23
15,item6,2,10/04/23
15,item6,2,11/04/23
15,item6,2,12/04/23
15,item6,2,13/04/23
15,item6,2,14/04/23
15,item6,2,15/04/23
15,item6,2,16/04/23
15,item6,1,17/04/23
15,item6,1,18/04/23
15,item6,2,19/04/23
15,item6,2,20/04/23
15,item6,2,21/04/23
15,item6,2,22/04/23
15,item6,1,23/04/23
15,item6,2,24/04/23
15,item6,2,25/04/23
15,item6,1,26/04/23
15,item6,2,27/04/23
15,item6,1,28/04/23
15,item6,2,29/04/23
15,item6,2,30/04/23
16,item6,1,01/04/23
16,item6,2,02/04/23
16,item6,1,03/04/23
16,item6,1,04/04/23
16,item6,1,05/04/23
16,item6,1,06/04/23
16,item6,1,07/04/23
16,item6,1,08/04/23
16,item6,1,09/04/23
16,item6,1,10/04/23
16,item6,2,11/04/23
16,item6,2,12/04/23
16,item6,2,13/04/23
16,item6,2,14/04/23
16,item6,1,15/04/23
16,item6,2,16/04/23
16,item6,2,17/04/23
16,item6,1,18/04/23
16,item6,1,19/04/23
16,item6,1,20/04/23
16,item6,2,21/04/23
16,item6,2,22/04/23
16,item6,1,23/04/23
16,item6,2,24/04/23
16,item6,1,25/04/23
16,item6,1,26/04/23
16,item6,2,27/04/23
16,item6,2,28/04/23
16,item6,2,29/04/23
16,item6,1,30/04/23
17,item6,1,01/04/23
17,item6,1,02/04/23
17,item6,2,03/04/23
17,item6,2,04/04/23
17,item6,1,05/04/23
17,item6,2,06/04/23
17,item6,1,07/04/23
17,item6,1,08/04/23
17,item6,1,09/04/23
17,item6,1,10/04/23
17,item6,1,11/04/23
17,item6,1,12/04/23
17,item6,2,13/04/23
17,item6,1,14/04/23
17,item6,2,15/04/23
17,item6,1,16/04/23
17,item6,1,17/04/23
17,item6,2,18/04/23
17,item6,2,19/04/23
17,item6,2,20/04/23
17,item6,2,21/04/23
17,item6,2,22/04/23
17,item6,2,23/04/23
17,item6,1,24/04/23
17,item6,2,25/04/23
17,item6,2,26/04/23
17,item6,2,27/04/23
17,item6,2,28/04/23
17,item6,2,29/04/23
17,item6,1,30/04/23
18,item6,2,01/04/23
18,item6,2,02/04/23
18,item6,1,03/04/23
18,item6,1,04/04/23
18,item6,1,05/04/23
18,item6,2,06/04/23
18,item6,2,07/04/23
18,item6,2,08/04/23
18,item6,1,09/04/23
18,item6,1,10/04/23
18,item6,2,11/04/23
18,item6,2,12/04/23
18,item6,1,13/04/23
18,item6,2,14/04/23
18,item6,2,15/04/23
18,item6,1,16/04/23
18,item6,2,17/04/23
18,item6,2,18/04/23
18,item6,1,19/04/23
18,item6,1,20/04/23
18,item6,1,21/04/23
18,item6,2,22/04/23
18,item6,1,23/04/23
18,item6,1,24/04/23
18,item6,2,25/04/23
18,item6,1,26/04/23
18,item6,1,27/04/23
18,item6,2,28/04/23
18,item6,1,29/04/23
18,item6,2,30/04/23
19,item6,2,01/04/23
19,item6,1,02/04/23
19,item6,1,03/04/23
19,item6,2,04/04/23
19,item6,2,05/04/23
19,item6,2,06/04/23
19,item6,1,07/04/23
19,item6,2,08/04/23
19,item6,2,09/04/23
19,item6,1,10/04/23
19,item6,2,11/04/23
19,item6,1,12/04/23
19,item6,2,13/04/23
19,item6,1,14/04/23
19,item6,1,15/04/23
19,item6,2,16/04/23
19,item6,2,17/04/23
19,item6,1,18/04/23
19,item6,1,19/04/23
19,item6,2,20/04/23
19,item6,1,21/04/23
19,item6,2,22/04/23
19,item6,1,23/04/23
19,item6,2,24/04/23
19,item6,2,25/04/23
19,item6,1,26/04/23
19,item6,1,27/04/23
19,item6,1,28/04/23
19,item6,1,29/04/23
19,item6,2,30/04/23
20,item6,1,01/04/23
20,item6,2,02/04/23
20,item6,1,03/04/23
20,item6,2,04/04/23
20,item6,1,05/04/23
20,item6,1,06/04/23
20,item6,1,07/04/23
20,item6,2,08/04/23
20,item6,1,09/04/23
20,item6,2,10/04/23
20,item6,1,11/04/23
20,item6,2,12/04/23
20,item6,1,13/04/23
20,item6,2,14/04/23
20,item6,1,15/04/23
20,item6,1,16/04/23
20,item6,2,17/04/23
20,item6,2,18/04/23
20,item6,2,19/04/23
20,item6,1,20/04/23
20,item6,1,21/04/23
20,item6,1,22/04/23
20,item6,1,23/04/23
20,item6,1,24/04/23
20,item6,2,25/04/23
20,item6,1,26/04/23
20,item6,1,27/04/23
20,item6,1,28/04/23
20,item6,2,29/04/23
20,item6,2,30/04/23
21,item6,2,01/04/23
21,item6,1,02/04/23
21,item6,2,03/04/23
21,item6,2,04/04/23
21,item6,1,05/04/23
21,item6,2,06/04/23
21,item6,1,07/04/23
21,item6,2,08/04/23
21,item6,1,09/04/23
21,item6,2,10/04/23
21,item6,2,11/04/23
21,item6,2,12/04/23
21,item6,1,13/04/23
21,item6,1,14/04/23
21,item6,1,15/04/23
21,item6,1,16/04/23
21,item6,1,17/04/23
21,item6,1,18/04/23
21,item6,1,19/04/23
21,item6,1,20/04/23
21,item6,2,21/04/23
21,item6,1,22/04/23
21,item6,1,23/04/23
21,item6,1,24/04/23
21,item6,1,25/04/23
21,item6,1,26/04/23
21,item6,2,27/04/23
21,item6,2,28/04/23
21,item6,2,29/04/23
21,item6,2,30/04/23
22,item6,2,01/04/23
22,item6,1,02/04/23
22,item6,2,03/04/23
22,item6,2,04/04/23
22,item6,2,05/04/23
22,item6,2,06/04/23
22,item6,2,07/04/23
22,item6,1,08/04/23
22,item6,1,09/04/23
22,item6,2,10/04/23
22,item6,1,11/04/23
22,item6,1,12/04/23
22,item6,1,13/04/23
22,item6,2,14/04/23
22,item6,1,15/04/23
22,item6,2,16/04/23
22,item6,1,17/04/23
22,item6,1,18/04/23
22,item6,1,19/04/23
22,item6,2,20/04/23
22,item6,1,21/04/23
22,item6,2,22/04/23
22,item6,1,23/04/23
22,item6,2,24/04/23
22,item6,2,25/04/23
22,item6,1,26/04/23
22,item6,1,27/04/23
22,item6,2,28/04/23
22,item6,1,29/04/23
22,item6,2,30/04/23
1,item7,2,01/04/23
1,item7,2,02/04/23
1,item7,2,03/04/23
1,item7,2,04/04/23
1,item7,2,05/04/23
1,item7,2,06/04/23
1,item7,2,07/04/23
1,item7,2,08/04/23
1,item7,1,09/04/23
1,item7,1,10/04/23
1,item7,1,11/04/23
1,item7,2,12/04/23
1,item7,2,13/04/23
1,item7,1,14/04/23
1,item7,2,15/04/23
1,item7,2,16/04/23
1,item7,1,17/04/23
1,item7,2,18/04/23
1,item7,2,19/04/23
1,item7,1,20/04/23
1,item7,1,21/04/23
1,item7,1,22/04/23
1,item7,2,23/04/23
1,item7,2,24/04/23
1,item7,1,25/04/23
1,item7,1,26/04/23
1,item7,2,27/04/23
1,item7,2,28/04/23
1,item7,2,29/04/23
1,item7,2,30/04/23
2,item7,2,01/04/23
2,item7,2,02/04/23
2,item7,1,03/04/23
2,item7,2,04/04/23
2,item7,2,05/04/23
2,item7,2,06/04/23
2,item7,1,07/04/23
2,item7,1,08/04/23
2,item7,1,09/04/23
2,item7,1,10/04/23
2,item7,1,11/04/23
2,item7,1,12/04/23
2,item7,1,13/04/23
2,item7,2,14/04/23
2,item7,1,15/04/23
2,item7,2,16/04/23
2,item7,2,17/04/23
2,item7,1,18/04/23
2,item7,1,19/04/23
2,item7,1,20/04/23
2,item7,2,21/04/23
2,item7,1,22/04/23
2,item7,2,23/04/23
2,item7,1,24/04/23
2,item7,2,25/04/23
2,item7,2,26/04/23
2,item7,1,27/04/23
2,item7,1,28/04/23
2,item7,2,29/04/23
2,item7,2,30/04/23
3,item7,2,01/04/23
3,item7,1,02/04/23
3,item7,1,03/04/23
3,item7,2,04/04/23
3,item7,1,05/04/23
3,item7,2,06/04/23
3,item7,1,07/04/23
3,item7,1,08/04/23
3,item7,2,09/04/23
3,item7,2,10/04/23
3,item7,1,11/04/23
3,item7,2,12/04/23
3,item7,1,13/04/23
3,item7,2,14/04/23
3,item7,1,15/04/23
3,item7,1,16/04/23
3,item7,1,17/04/23
3,item7,1,18/04/23
3,item7,2,19/04/23
3,item7,1,20/04/23
3,item7,2,21/04/23
3,item7,2,22/04/23
3,item7,1,23/04/23
3,item7,2,24/04/23
3,item7,1,25/04/23
3,item7,1,26/04/23
3,item7,1,27/04/23
3,item7,2,28/04/23
3,item7,1,29/04/23
3,item7,1,30/04/23
4,item7,1,01/04/23
4,item7,2,02/04/23
4,item7,2,03/04/23
4,item7,1,04/04/23
4,item7,2,05/04/23
4,item7,1,06/04/23
4,item7,1,07/04/23
4,item7,1,08/04/23
4,item7,1,09/04/23
4,item7,2,10/04/23
4,item7,2,11/04/23
4,item7,2,12/04/23
4,item7,1,13/04/23
4,item7,1,14/04/23
4,item7,2,15/04/23
4,item7,1,16/04/23
4,item7,2,17/04/23
4,item7,1,18/04/23
4,item7,2,19/04/23
4,item7,2,20/04/23
4,item7,2,21/04/23
4,item7,2,22/04/23
4,item7,2,23/04/23
4,item7,1,24/04/23
4,item7,1,25/04/23
4,item7,2,26/04/23
4,item7,2,27/04/23
4,item7,2,28/04/23
4,item7,1,29/04/23
4,item7,1,30/04/23
5,item7,1,01/04/23
5,item7,2,02/04/23
5,item7,2,03/04/23
5,item7,2,04/04/23
5,item7,2,05/04/23
5,item7,1,06/04/23
5,item7,1,07/04/23
5,item7,1,08/04/23
5,item7,2,09/04/23
5,item7,2,10/04/23
5,item7,2,11/04/23
5,item7,1,12/04/23
5,item7,2,13/04/23
5,item7,2,14/04/23
5,item7,2,15/04/23
5,item7,2,16/04/23
5,item7,1,17/04/23
5,item7,1,18/04/23
5,item7,1,19/04/23
5,item7,1,20/04/23
5,item7,1,21/04/23
5,item7,1,22/04/23
5,item7,1,23/04/23
5,item7,1,24/04/23
5,item7,2,25/04/23
5,item7,1,26/04/23
5,item7,1,27/04/23
5,item7,1,28/04/23
5,item7,2,29/04/23
5,item7,2,30/04/23
6,item7,2,01/04/23
6,item7,2,02/04/23
6,item7,1,03/04/23
6,item7,1,04/04/23
6,item7,2,05/04/23
6,item7,2,06/04/23
6,item7,2,07/04/23
6,item7,2,08/04/23
6,item7,1,09/04/23
6,item7,1,10/04/23
6,item7,2,11/04/23
6,item7,1,12/04/23
6,item7,2,13/04/23
6,item7,1,14/04/23
6,item7,2,15/04/23
6,item7,2,16/04/23
6,item7,2,17/04/23
6,item7,1,18/04/23
6,item7,2,19/04/23
6,item7,2,20/04/23
6,item7,1,21/04/23
6,item7,2,22/04/23
6,item7,1,23/04/23
6,item7,1,24/04/23
6,item7,1,25/04/23
6,item7,1,26/04/23
6,item7,1,27/04/23
6,item7,1,28/04/23
6,item7,2,29/04/23
6,item7,1,30/04/23
7,item7,2,01/04/23
7,item7,1,02/04/23
7,item7,2,03/04/23
7,item7,1,04/04/23
7,item7,2,05/04/23
7,item7,2,06/04/23
7,item7,1,07/04/23
7,item7,2,08/04/23
7,item7,2,09/04/23
7,item7,1,10/04/23
7,item7,1,11/04/23
7,item7,1,12/04/23
7,item7,2,13/04/23
7,item7,1,14/04/23
7,item7,2,15/04/23
7,item7,2,16/04/23
7,item7,2,17/04/23
7,item7,2,18/04/23
7,item7,1,19/04/23
7,item7,2,20/04/23
7,item7,2,21/04/23
7,item7,1,22/04/23
7,item7,1,23/04/23
7,item7,2,24/04/23
7,item7,2,25/04/23
7,item7,2,26/04/23
7,item7,1,27/04/23
7,item7,1,28/04/23
7,item7,2,29/04/23
7,item7,1,30/04/23
8,item7,2,01/04/23
8,item7,1,02/04/23
8,item7,1,03/04/23
8,item7,2,04/04/23
8,item7,2,05/04/23
8,item7,1,06/04/23
8,item7,1,07/04/23
8,item7,2,08/04/23
8,item7,2,09/04/23
8,item7,2,10/04/23
8,item7,2,11/04/23
8,item7,2,12/04/23
8,item7,2,13/04/23
8,item7,1,14/04/23
8,item7,1,15/04/23
8,item7,1,16/04/23
8,item7,1,17/04/23
8,item7,2,18/04/23
8,item7,2,19/04/23
8,item7,2,20/04/23
8,item7,2,21/04/23
8,item7,1,22/04/23
8,item7,1,23/04/23
8,item7,1,24/04/23
8,item7,2,25/04/23
8,item7,1,26/04/23
8,item7,2,27/04/23
8,item7,2,28/04/23
8,item7,2,29/04/23
8,item7,1,30/04/23
9,item7,2,01/04/23
9,item7,1,02/04/23
9,item7,2,03/04/23
9,item7,1,04/04/23
9,item7,2,05/04/23
9,item7,2,06/04/23
9,item7,2,07/04/23
9,item7,2,08/04/23
9,item7,2,09/04/23
9,item7,2,10/04/23
9,item7,1,11/04/23
9,item7,2,12/04/23
9,item7,2,13/04/23
9,item7,1,14/04/23
9,item7,1,15/04/23
9,item7,2,16/04/23
9,item7,2,17/04/23
9,item7,1,18/04/23
9,item7,2,19/04/23
9,item7,2,20/04/23
9,item7,1,21/04/23
9,item7,2,22/04/23
9,item7,2,23/04/23
9,item7,2,24/04/23
9,item7,2,25/04/23
9,item7,2,26/04/23
9,item7,1,27/04/23
9,item7,1,28/04/23
9,item7,1,29/04/23
9,item7,2,30/04/23
10,item7,1,01/04/23
10,item7,1,02/04/23
10,item7,1,03/04/23
10,item7,2,04/04/23
10,item7,1,05/04/23
10,item7,2,06/04/23
10,item7,2,07/04/23
10,item7,1,08/04/23
10,item7,1,09/04/23
10,item7,1,10/04/23
10,item7,1,11/04/23
10,item7,1,12/04/23
10,item7,1,13/04/23
10,item7,1,14/04/23
10,item7,1,15/04/23
10,item7,2,16/04/23
10,item7,2,17/04/23
10,item7,1,18/04/23
10,item7,2,19/04/23
10,item7,2,20/04/23
10,item7,1,21/04/23
10,item7,1,22/04/23
10,item7,2,23/04/23
10,item7,2,24/04/23
10,item7,1,25/04/23
10,item7,1,26/04/23
10,item7,2,27/04/23
10,item7,2,28/04/23
10,item7,1,29/04/23
10,item7,2,30/04/23
11,item7,2,01/04/23
11,item7,2,02/04/23
11,item7,1,03/04/23
11,item7,1,04/04/23
11,item7,2,05/04/23
11,item7,2,06/04/23
11,item7,2,07/04/23
11,item7,2,08/04/23
11,item7,1,09/04/23
11,item7,2,10/04/23
11,item7,2,11/04/23
11,item7,1,12/04/23
11,item7,2,13/04/23
11,item7,1,14/04/23
11,item7,1,15/04/23
11,item7,2,16/04/23
11,item7,2,17/04/23
11,item7,1,18/04/23
11,item7,1,19/04/23
11,item7,1,20/04/23
11,item7,2,21/04/23
11,item7,2,22/04/23
11,item7,1,23/04/23
11,item7,1,24/04/23
11,item7,2,25/04/23
11,item7,1,26/04/23
11,item7,1,27/04/23
11,item7,2,28/04/23
11,item7,1,29/04/23
11,item7,2,30/04/23
12,item7,2,01/04/23
12,item7,2,02/04/23
12,item7,2,03/04/23
12,item7,1,04/04/23
12,item7,2,05/04/23
12,item7,1,06/04/23
12,item7,2,07/04/23
12,item7,2,08/04/23
12,item7,1,09/04/23
12,item7,2,10/04/23
12,item7,1,11/04/23
12,item7,2,12/04/23
12,item7,2,13/04/23
12,item7,2,14/04/23
12,item7,1,15/04/23
12,item7,1,16/04/23
12,item7,2,17/04/23
12,item7,2,18/04/23
12,item7,1,19/04/23
12,item7,1,20/04/23
12,item7,1,21/04/23
12,item7,2,22/04/23
12,item7,2,23/04/23
12,item7,2,24/04/23
12,item7,1,25/04/23
12,item7,1,26/04/23
12,item7,1,27/04/23
12,item7,1,28/04/23
12,item7,2,29/04/23
12,item7,2,30/04/23
13,item7,2,01/04/23
13,item7,1,02/04/23
13,item7,1,03/04/23
13,item7,2,04/04/23
13,item7,1,05/04/23
13,item7,1,06/04/23
13,item7,2,07/04/23
13,item7,1,08/04/23
13,item7,1,09/04/23
13,item7,1,10/04/23
13,item7,2,11/04/23
13,item7,2,12/04/23
13,item7,2,13/04/23
13,item7,1,14/04/23
13,item7,1,15/04/23
13,item7,2,16/04/23
13,item7,1,17/04/23
13,item7,1,18/04/23
13,item7,2,19/04/23
13,item7,2,20/04/23
13,item7,1,21/04/23
13,item7,1,22/04/23
13,item7,2,23/04/23
13,item7,1,24/04/23
13,item7,1,25/04/23
13,item7,2,26/04/23
13,item7,2,27/04/23
13,item7,2,28/04/23
13,item7,1,29/04/23
13,item7,1,30/04/23
14,item7,2,01/04/23
14,item7,1,02/04/23
14,item7,2,03/04/23
14,item7,1,04/04/23
14,item7,1,05/04/23
14,item7,2,06/04/23
14,item7,2,07/04/23
14,item7,2,08/04/23
14,item7,2,09/04/23
14,item7,1,10/04/23
14,item7,1,11/04/23
14,item7,2,12/04/23
14,item7,2,13/04/23
14,item7,2,14/04/23
14,item7,1,15/04/23
14,item7,1,16/04/23
14,item7,1,17/04/23
14,item7,1,18/04/23
14,item7,2,19/04/23
14,item7,2,20/04/23
14,item7,1,21/04/23
14,item7,1,22/04/23
14,item7,2,23/04/23
14,item7,1,24/04/23
14,item7,1,25/04/23
14,item7,2,26/04/23
14,item7,2,27/04/23
14,item7,1,28/04/23
14,item7,2,29/04/23
14,item7,2,30/04/23
15,item7,2,01/04/23
15,item7,1,02/04/23
15,item7,1,03/04/23
15,item7,1,04/04/23
15,item7,2,05/04/23
15,item7,2,06/04/23
15,item7,2,07/04/23
15,item7,2,08/04/23
15,item7,1,09/04/23
15,item7,1,10/04/23
15,item7,2,11/04/23
15,item7,1,12/04/23
15,item7,1,13/04/23
15,item7,1,14/04/23
15,item7,2,15/04/23
15,item7,2,16/04/23
15,item7,1,17/04/23
15,item7,2,18/04/23
15,item7,2,19/04/23
15,item7,1,20/04/23
15,item7,2,21/04/23
15,item7,2,22/04/23
15,item7,2,23/04/23
15,item7,2,24/04/23
15,item7,1,25/04/23
15,item7,2,26/04/23
15,item7,1,27/04/23
15,item7,2,28/04/23
15,item7,1,29/04/23
15,item7,1,30/04/23
16,item7,1,01/04/23
16,item7,1,02/04/23
16,item7,1,03/04/23
16,item7,2,04/04/23
16,item7,2,05/04/23
16,item7,1,06/04/23
16,item7,2,07/04/23
16,item7,1,08/04/23
16,item7,2,09/04/23
16,item7,1,10/04/23
16,item7,2,11/04/23
16,item7,1,12/04/23
16,item7,1,13/04/23
16,item7,2,14/04/23
16,item7,2,15/04/23
16,item7,2,16/04/23
16,item7,2,17/04/23
16,item7,1,18/04/23
16,item7,2,19/04/23
16,item7,1,20/04/23
16,item7,2,21/04/23
16,item7,1,22/04/23
16,item7,1,23/04/23
16,item7,1,24/04/23
16,item7,1,25/04/23
16,item7,1,26/04/23
16,item7,1,27/04/23
16,item7,1,28/04/23
16,item7,1,29/04/23
16,item7,1,30/04/23
17,item7,2,01/04/23
17,item7,2,02/04/23
17,item7,1,03/04/23
17,item7,1,04/04/23
17,item7,1,05/04/23
17,item7,1,06/04/23
17,item7,1,07/04/23
17,item7,2,08/04/23
17,item7,1,09/04/23
17,item7,2,10/04/23
17,item7,2,11/04/23
17,item7,2,12/04/23
17,item7,2,13/04/23
17,item7,2,14/04/23
17,item7,1,15/04/23
17,item7,2,16/04/23
17,item7,2,17/04/23
17,item7,2,18/04/23
17,item7,1,19/04/23
17,item7,2,20/04/23
17,item7,2,21/04/23
17,item7,1,22/04/23
17,item7,2,23/04/23
17,item7,2,24/04/23
17,item7,2,25/04/23
17,item7,2,26/04/23
17,item7,1,27/04/23
17,item7,1,28/04/23
17,item7,2,29/04/23
17,item7,1,30/04/23
18,item7,2,01/04/23
18,item7,2,02/04/23
18,item7,2,03/04/23
18,item7,2,04/04/23
18,item7,1,05/04/23
18,item7,2,06/04/23
18,item7,2,07/04/23
18,item7,2,08/04/23
18,item7,2,09/04/23
18,item7,2,10/04/23
18,item7,1,11/04/23
18,item7,2,12/04/23
18,item7,1,13/04/23
18,item7,2,14/04/23
18,item7,1,15/04/23
18,item7,1,16/04/23
18,item7,1,17/04/23
18,item7,1,18/04/23
18,item7,2,19/04/23
18,item7,2,20/04/23
18,item7,1,21/04/23
18,item7,1,22/04/23
18,item7,2,23/04/23
18,item7,2,24/04/23
18,item7,2,25/04/23
18,item7,2,26/04/23
18,item7,2,27/04/23
18,item7,1,28/04/23
18,item7,1,29/04/23
18,item7,2,30/04/23
19,item7,1,01/04/23
19,item7,1,02/04/23
19,item7,2,03/04/23
19,item7,1,04/04/23
19,item7,1,05/04/23
19,item7,2,06/04/23
19,item7,2,07/04/23
19,item7,1,08/04/23
19,item7,1,09/04/23
19,item7,2,10/04/23
19,item7,1,11/04/23
19,item7,1,12/04/23
19,item7,1,13/04/23
19,item7,2,14/04/23
19,item7,2,15/04/23
19,item7,1,16/04/23
19,item7,1,17/04/23
19,item7,2,18/04/23
19,item7,2,19/04/23
19,item7,2,20/04/23
19,item7,1,21/04/23
19,item7,1,22/04/23
19,item7,2,23/04/23
19,item7,2,24/04/23
19,item7,2,25/04/23
19,item7,1,26/04/23
19,item7,1,27/04/23
19,item7,1,28/04/23
19,item7,2,29/04/23
19,item7,2,30/04/23
20,item7,2,01/04/23
20,item7,2,02/04/23
20,item7,2,03/04/23
20,item7,2,04/04/23
20,item7,1,05/04/23
20,item7,2,06/04/23
20,item7,1,07/04/23
20,item7,1,08/04/23
20,item7,1,09/04/23
20,item7,1,10/04/23
20,item7,1,11/04/23
20,item7,2,12/04/23
20,item7,1,13/04/23
20,item7,1,14/04/23
20,item7,1,15/04/23
20,item7,1,16/04/23
20,item7,1,17/04/23
20,item7,1,18/04/23
20,item7,2,19/04/23
20,item7,2,20/04/23
20,item7,2,21/04/23
20,item7,1,22/04/23
20,item7,2,23/04/23
20,item7,1,24/04/23
20,item7,2,25/04/23
20,item7,1,26/04/23
20,item7,1,27/04/23
20,item7,2,28/04/23
20,item7,1,29/04/23
20,item7,1,30/04/23
21,item7,1,01/04/23
21,item7,1,02/04/23
21,item7,2,03/04/23
21,item7,1,04/04/23
21,item7,2,05/04/23
21,item7,2,06/04/23
21,item7,1,07/04/23
21,item7,2,08/04/23
21,item7,1,09/04/23
21,item7,1,10/04/23
21,item7,2,11/04/23
21,item7,2,12/04/23
21,item7,2,13/04/23
21,item7,1,14/04/23
21,item7,2,15/04/23
21,item7,1,16/04/23
21,item7,2,17/04/23
21,item7,1,18/04/23
21,item7,1,19/04/23
21,item7,1,20/04/23
21,item7,2,21/04/23
21,item7,2,22/04/23
21,item7,2,23/04/23
21,item7,2,24/04/23
21,item7,1,25/04/23
21,item7,1,26/04/23
21,item7,2,27/04/23
21,item7,2,28/04/23
21,item7,1,29/04/23
21,item7,1,30/04/23
22,item7,2,01/04/23
22,item7,2,02/04/23
22,item7,1,03/04/23
22,item7,2,04/04/23
22,item7,2,05/04/23
22,item7,1,06/04/23
22,item7,1,07/04/23
22,item7,2,08/04/23
22,item7,1,09/04/23
22,item7,2,10/04/23
22,item7,1,11/04/23
22,item7,1,12/04/23
22,item7,2,13/04/23
22,item7,2,14/04/23
22,item7,2,15/04/23
22,item7,1,16/04/23
22,item7,1,17/04/23
22,item7,2,18/04/23
22,item7,1,19/04/23
22,item7,2,20/04/23
22,item7,2,21/04/23
22,item7,1,22/04/23
22,item7,2,23/04/23
22,item7,2,24/04/23
22,item7,2,25/04/23
22,item7,2,26/04/23
22,item7,2,27/04/23
22,item7,1,28/04/23
22,item7,1,29/04/23
22,item7,1,30/04/23